﻿--
-- Script was generated by Devart dbForge Studio for MySQL, Version 8.0.40.0
-- Product home page: http://www.devart.com/dbforge/mysql/studio
-- Script date 10/11/2023 17:28:40
-- Server version: 5.5.5-10.1.40-MariaDB
-- Client version: 4.1
--

-- 
-- Disable foreign keys
-- 
/*!40014 SET @OLD_FOREIGN_KEY_CHECKS=@@FOREIGN_KEY_CHECKS, FOREIGN_KEY_CHECKS=0 */;

-- 
-- Set SQL mode
-- 
/*!40101 SET @OLD_SQL_MODE=@@SQL_MODE, SQL_MODE='NO_AUTO_VALUE_ON_ZERO' */;

-- 
-- Set character set the client will use to send SQL statements to the server
--
SET NAMES 'utf8';

--
-- Set default database
--
USE cfc;

--
-- Drop table `organizadores`
--
DROP TABLE IF EXISTS organizadores;

--
-- Drop table `participantes_actividad`
--
DROP TABLE IF EXISTS participantes_actividad;

--
-- Drop table `versiculos`
--
DROP TABLE IF EXISTS versiculos;

--
-- Drop table `predicas`
--
DROP TABLE IF EXISTS predicas;

--
-- Drop table `actividades`
--
DROP TABLE IF EXISTS actividades;

--
-- Drop table `celulas`
--
DROP TABLE IF EXISTS celulas;

--
-- Drop table `lineas`
--
DROP TABLE IF EXISTS lineas;

--
-- Drop table `participantes_ministerio`
--
DROP TABLE IF EXISTS participantes_ministerio;

--
-- Drop table `ministerios`
--
DROP TABLE IF EXISTS ministerios;

--
-- Drop table `ubicaciones`
--
DROP TABLE IF EXISTS ubicaciones;

--
-- Drop table `iglesias`
--
DROP TABLE IF EXISTS iglesias;

--
-- Drop table `telefonos`
--
DROP TABLE IF EXISTS telefonos;

--
-- Drop table `discipulos`
--
DROP TABLE IF EXISTS discipulos;

--
-- Set default database
--
USE cfc;

--
-- Create table `discipulos`
--
CREATE TABLE discipulos (
  ID int(11) NOT NULL AUTO_INCREMENT,
  nombre varchar(40) DEFAULT NULL,
  email varchar(40) DEFAULT NULL,
  sexo tinyint(1) DEFAULT NULL,
  fecha_nac date DEFAULT NULL,
  cod_celula int(11) DEFAULT NULL,
  PRIMARY KEY (ID)
)
ENGINE = INNODB,
AUTO_INCREMENT = 401,
AVG_ROW_LENGTH = 163,
CHARACTER SET latin1,
COLLATE latin1_swedish_ci;

--
-- Create table `telefonos`
--
CREATE TABLE telefonos (
  ID int(11) NOT NULL AUTO_INCREMENT,
  discipulo int(11) DEFAULT NULL,
  telefono varchar(15) DEFAULT NULL,
  PRIMARY KEY (ID)
)
ENGINE = INNODB,
AUTO_INCREMENT = 601,
AVG_ROW_LENGTH = 109,
CHARACTER SET latin1,
COLLATE latin1_swedish_ci;

--
-- Create index `uk_telefonos_discipulos` on table `telefonos`
--
ALTER TABLE telefonos
ADD UNIQUE INDEX uk_telefonos_discipulos (telefono, discipulo);

--
-- Create foreign key
--
ALTER TABLE telefonos
ADD CONSTRAINT fk_telefonos_discipulos FOREIGN KEY (discipulo)
REFERENCES discipulos (ID);

--
-- Create table `iglesias`
--
CREATE TABLE iglesias (
  ID int(11) NOT NULL AUTO_INCREMENT,
  pais varchar(25) DEFAULT NULL,
  provincia varchar(30) DEFAULT NULL,
  localidad varchar(30) DEFAULT NULL,
  arcas decimal(7, 2) DEFAULT NULL,
  pastor_id int(11) DEFAULT NULL,
  PRIMARY KEY (ID)
)
ENGINE = INNODB,
AUTO_INCREMENT = 11,
AVG_ROW_LENGTH = 1638,
CHARACTER SET latin1,
COLLATE latin1_swedish_ci;

--
-- Create foreign key
--
ALTER TABLE iglesias
ADD CONSTRAINT fk_iglesias_discipulos FOREIGN KEY (pastor_id)
REFERENCES discipulos (ID);

--
-- Create table `ubicaciones`
--
CREATE TABLE ubicaciones (
  ID int(11) NOT NULL AUTO_INCREMENT,
  nombre varchar(50) DEFAULT NULL,
  direccion varchar(50) DEFAULT NULL,
  iglesia int(11) DEFAULT NULL,
  PRIMARY KEY (ID)
)
ENGINE = INNODB,
AUTO_INCREMENT = 121,
AVG_ROW_LENGTH = 136,
CHARACTER SET latin1,
COLLATE latin1_swedish_ci;

--
-- Create foreign key
--
ALTER TABLE ubicaciones
ADD CONSTRAINT fk_ubicaciones_iglesias FOREIGN KEY (iglesia)
REFERENCES iglesias (ID);

--
-- Create table `ministerios`
--
CREATE TABLE ministerios (
  ID int(11) NOT NULL AUTO_INCREMENT,
  nombre varchar(30) DEFAULT NULL,
  lider int(11) DEFAULT NULL,
  iglesia int(11) DEFAULT NULL,
  PRIMARY KEY (ID)
)
ENGINE = INNODB,
AUTO_INCREMENT = 31,
AVG_ROW_LENGTH = 546,
CHARACTER SET latin1,
COLLATE latin1_swedish_ci;

--
-- Create foreign key
--
ALTER TABLE ministerios
ADD CONSTRAINT fk_ministerios_discipulos FOREIGN KEY (lider)
REFERENCES discipulos (ID);

--
-- Create foreign key
--
ALTER TABLE ministerios
ADD CONSTRAINT fk_ministerios_iglesias FOREIGN KEY (iglesia)
REFERENCES iglesias (ID);

--
-- Create table `participantes_ministerio`
--
CREATE TABLE participantes_ministerio (
  ID int(11) NOT NULL AUTO_INCREMENT,
  discipulo int(11) DEFAULT NULL,
  ministerio int(11) DEFAULT NULL,
  PRIMARY KEY (ID)
)
ENGINE = INNODB,
AUTO_INCREMENT = 31,
AVG_ROW_LENGTH = 546,
CHARACTER SET latin1,
COLLATE latin1_swedish_ci;

--
-- Create index `uk_discipulo_ministerio` on table `participantes_ministerio`
--
ALTER TABLE participantes_ministerio
ADD UNIQUE INDEX uk_discipulo_ministerio (discipulo, ministerio);

--
-- Create foreign key
--
ALTER TABLE participantes_ministerio
ADD CONSTRAINT fk_participantes_ministerio_discipulos FOREIGN KEY (discipulo)
REFERENCES discipulos (ID);

--
-- Create foreign key
--
ALTER TABLE participantes_ministerio
ADD CONSTRAINT fk_participantes_ministerio_ministerios FOREIGN KEY (ministerio)
REFERENCES ministerios (ID);

--
-- Create table `lineas`
--
CREATE TABLE lineas (
  ID int(11) NOT NULL AUTO_INCREMENT,
  nombre varchar(30) DEFAULT NULL,
  iglesia int(11) DEFAULT NULL,
  linea int(11) DEFAULT NULL,
  lider int(11) DEFAULT NULL,
  PRIMARY KEY (ID)
)
ENGINE = INNODB,
AUTO_INCREMENT = 31,
AVG_ROW_LENGTH = 546,
CHARACTER SET latin1,
COLLATE latin1_swedish_ci;

--
-- Create foreign key
--
ALTER TABLE lineas
ADD CONSTRAINT fk_lineas_discipulos FOREIGN KEY (lider)
REFERENCES discipulos (ID);

--
-- Create foreign key
--
ALTER TABLE lineas
ADD CONSTRAINT fk_lineas_iglesias FOREIGN KEY (iglesia)
REFERENCES iglesias (ID);

--
-- Create table `celulas`
--
CREATE TABLE celulas (
  ID int(11) NOT NULL AUTO_INCREMENT,
  nombre varchar(30) DEFAULT NULL,
  lider int(11) DEFAULT NULL,
  linea int(11) DEFAULT NULL,
  ubicacion int(11) DEFAULT NULL,
  PRIMARY KEY (ID)
)
ENGINE = INNODB,
AUTO_INCREMENT = 91,
AVG_ROW_LENGTH = 182,
CHARACTER SET latin1,
COLLATE latin1_swedish_ci;

--
-- Create foreign key
--
ALTER TABLE celulas
ADD CONSTRAINT fk_celulas_discipulos FOREIGN KEY (lider)
REFERENCES discipulos (ID);

--
-- Create foreign key
--
ALTER TABLE celulas
ADD CONSTRAINT fk_celulas_lineas FOREIGN KEY (linea)
REFERENCES lineas (ID);

--
-- Create foreign key
--
ALTER TABLE celulas
ADD CONSTRAINT fk_celulas_ubicaciones FOREIGN KEY (ubicacion)
REFERENCES ubicaciones (ID);

--
-- Create foreign key
--
ALTER TABLE discipulos
ADD CONSTRAINT fk_discipulos_celulas FOREIGN KEY (cod_celula)
REFERENCES celulas (ID);

--
-- Create table `actividades`
--
CREATE TABLE actividades (
  ID int(11) NOT NULL AUTO_INCREMENT,
  tipo varchar(40) DEFAULT NULL,
  fecha date DEFAULT NULL,
  hora time DEFAULT NULL,
  descripcion text DEFAULT NULL,
  ofrenda decimal(10, 2) DEFAULT NULL,
  gastos decimal(10, 2) DEFAULT NULL,
  ubicacion int(11) DEFAULT NULL,
  iglesia int(11) DEFAULT NULL,
  documentador int(11) DEFAULT NULL,
  fecha_entrega date DEFAULT NULL,
  linea int(11) DEFAULT NULL,
  celula int(11) DEFAULT NULL,
  PRIMARY KEY (ID)
)
ENGINE = INNODB,
AUTO_INCREMENT = 81,
AVG_ROW_LENGTH = 1228,
CHARACTER SET latin1,
COLLATE latin1_swedish_ci;

--
-- Create foreign key
--
ALTER TABLE actividades
ADD CONSTRAINT fk_actividades_celulas FOREIGN KEY (celula)
REFERENCES celulas (ID);

--
-- Create foreign key
--
ALTER TABLE actividades
ADD CONSTRAINT fk_actividades_discipulos_documentador FOREIGN KEY (documentador)
REFERENCES discipulos (ID);

--
-- Create foreign key
--
ALTER TABLE actividades
ADD CONSTRAINT fk_actividades_iglesias FOREIGN KEY (iglesia)
REFERENCES iglesias (ID);

--
-- Create foreign key
--
ALTER TABLE actividades
ADD CONSTRAINT fk_actividades_lineas FOREIGN KEY (linea)
REFERENCES lineas (ID);

--
-- Create foreign key
--
ALTER TABLE actividades
ADD CONSTRAINT fk_actividades_ubicaciones FOREIGN KEY (ubicacion)
REFERENCES ubicaciones (ID);

--
-- Create table `predicas`
--
CREATE TABLE predicas (
  ID int(11) NOT NULL AUTO_INCREMENT,
  titulo varchar(30) DEFAULT NULL,
  resumen text DEFAULT NULL,
  predicador int(11) DEFAULT NULL,
  actividad int(11) DEFAULT NULL,
  PRIMARY KEY (ID)
)
ENGINE = INNODB,
AUTO_INCREMENT = 31,
AVG_ROW_LENGTH = 2184,
CHARACTER SET latin1,
COLLATE latin1_swedish_ci;

--
-- Create index `uk_discipulo_actividad` on table `predicas`
--
ALTER TABLE predicas
ADD UNIQUE INDEX uk_discipulo_actividad (predicador, actividad);

--
-- Create foreign key
--
ALTER TABLE predicas
ADD CONSTRAINT fk_predicas_actividades FOREIGN KEY (actividad)
REFERENCES actividades (ID);

--
-- Create foreign key
--
ALTER TABLE predicas
ADD CONSTRAINT fk_predicas_discipulos FOREIGN KEY (predicador)
REFERENCES discipulos (ID);

--
-- Create table `versiculos`
--
CREATE TABLE versiculos (
  ID int(11) NOT NULL AUTO_INCREMENT,
  predica int(11) DEFAULT NULL,
  versiculo varchar(20) DEFAULT NULL,
  PRIMARY KEY (ID)
)
ENGINE = INNODB,
AUTO_INCREMENT = 31,
AVG_ROW_LENGTH = 546,
CHARACTER SET latin1,
COLLATE latin1_swedish_ci;

--
-- Create index `uk_predicas_versiculos` on table `versiculos`
--
ALTER TABLE versiculos
ADD UNIQUE INDEX uk_predicas_versiculos (predica, versiculo);

--
-- Create foreign key
--
ALTER TABLE versiculos
ADD CONSTRAINT fk_versiculos_predicas FOREIGN KEY (predica)
REFERENCES predicas (ID);

--
-- Create table `participantes_actividad`
--
CREATE TABLE participantes_actividad (
  ID int(11) NOT NULL AUTO_INCREMENT,
  discipulo int(11) DEFAULT NULL,
  actividad int(11) DEFAULT NULL,
  PRIMARY KEY (ID)
)
ENGINE = INNODB,
AUTO_INCREMENT = 31,
AVG_ROW_LENGTH = 546,
CHARACTER SET latin1,
COLLATE latin1_swedish_ci;

--
-- Create index `uk_participantes_actividad` on table `participantes_actividad`
--
ALTER TABLE participantes_actividad
ADD UNIQUE INDEX uk_participantes_actividad (discipulo, actividad);

--
-- Create foreign key
--
ALTER TABLE participantes_actividad
ADD CONSTRAINT fk_participantes_actividad_actividad FOREIGN KEY (actividad)
REFERENCES actividades (ID);

--
-- Create foreign key
--
ALTER TABLE participantes_actividad
ADD CONSTRAINT fk_participantes_actividad_discipulos FOREIGN KEY (discipulo)
REFERENCES discipulos (ID);

--
-- Create table `organizadores`
--
CREATE TABLE organizadores (
  ID int(11) NOT NULL AUTO_INCREMENT,
  ministerio int(11) DEFAULT NULL,
  actividad int(11) DEFAULT NULL,
  PRIMARY KEY (ID)
)
ENGINE = INNODB,
AUTO_INCREMENT = 31,
AVG_ROW_LENGTH = 546,
CHARACTER SET latin1,
COLLATE latin1_swedish_ci;

--
-- Create index `uk_organizadores` on table `organizadores`
--
ALTER TABLE organizadores
ADD UNIQUE INDEX uk_organizadores (ministerio, actividad);

--
-- Create foreign key
--
ALTER TABLE organizadores
ADD CONSTRAINT fk_organizadores_actividades FOREIGN KEY (actividad)
REFERENCES actividades (ID);

--
-- Create foreign key
--
ALTER TABLE organizadores
ADD CONSTRAINT fk_organizadores_ministerios FOREIGN KEY (ministerio)
REFERENCES ministerios (ID);

-- 
-- Dumping data for table discipulos
--
INSERT INTO discipulos VALUES
(1, 'Fernando Mejía Jiménez ', 'Cortés@example.com', 0, '1979-02-17', 20),
(2, 'Tito Cortés Pérez ', 'XaviGómez@example.com', 0, '1970-10-02', 40),
(3, 'Daniel García Saldaña ', 'Zuny.Crespo@nowhere.com', 0, '1983-04-16', 1),
(4, 'Alfredo Rosario Villca ', 'Arconada6@example.com', 0, '2009-09-08', 68),
(5, 'Alberto Álvarez Gómez ', 'Irala6@nowhere.com', 0, '1989-07-25', 85),
(6, 'Ezequiel Benítez Pérez ', 'ElíasSantos@example.com', 1, '1967-08-31', 85),
(7, 'Jonatán Saldaña Álvarez ', 'Ginger.Villca@nowhere.com', 1, '1992-07-31', 37),
(8, 'Mateo Santos Álvarez ', 'Adrián_Feijóo82@example.com', 1, '1949-12-29', 65),
(9, 'Nelly García Osorio ', 'Arconada@example.com', 1, '1981-12-06', 89),
(10, 'César Saldaña Feijóo ', 'MateoPérez@example.com', 0, '1987-07-06', 44),
(11, 'Isaac Ayllon Sarabia ', 'RosySmith@example.com', 0, '2001-02-09', 81),
(12, 'Yoana Benítez Mejía ', 'Uber_Sarabia@example.com', 1, '2000-09-09', 26),
(13, 'Sofía Murillo Montero ', 'Witt@example.com', 0, '1970-09-05', 53),
(14, 'Daniela Sarabia Osorio ', 'Saldaña89@example.com', 0, '1952-02-28', 21),
(15, 'Daniela Calvo Montero ', 'GingerCrespo57@example.com', 0, '1962-03-30', 71),
(16, 'Elías Gómez Feijóo ', 'GómezS@example.com', 1, '1991-12-20', 81),
(17, 'Esthellen Iglesias Feijóo ', 'Santos@example.com', 1, '1968-10-29', 31),
(18, 'Yuly Arconada Rosario ', 'TitoSantana54@example.com', 1, '2006-04-07', 32),
(19, 'Abigail Gómez Cifrián ', 'ManuelCondori77@nowhere.com', 0, '2000-05-13', 20),
(20, 'Samuel Vartic Barrientos ', 'Montero@example.com', 1, '1960-12-31', 72),
(21, 'Pablo Vartic Gómez ', 'opfrq8894@nowhere.com', 1, '1962-04-18', 48),
(22, 'Ainara Cortés Smith ', 'ChemaCifrián887@example.com', 1, '1949-06-24', 51),
(23, 'Saúl Calvo Condori ', 'Martínez7@example.com', 0, '1999-06-11', 68),
(24, 'Ainara Cifrián Gómez ', 'Iglesias34@example.com', 0, '1999-06-17', 24),
(25, 'Daniela Sánchez Ayllon ', 'Feijóo29@example.com', 0, '1962-05-29', 37),
(26, 'Víctor Martínez Cifrián ', 'Gómez@example.com', 0, '1969-06-06', 14),
(27, 'Nelly Murillo Santana ', 'García@nowhere.com', 0, '2012-04-30', 84),
(28, 'Sandra Saldaña García ', 'Saiz@example.com', 0, '1985-11-03', 16),
(29, 'Fernando López Sánchez ', 'Saldaña@example.com', 1, '1994-03-02', 59),
(30, 'Rebeca Saiz Sánchez ', 'Iglesias@nowhere.com', 1, '1949-11-02', 27),
(31, 'Juan Iglesias Abascal ', 'Gómez34@example.com', 0, '1973-02-07', 80),
(32, 'Abigail García Murillo ', 'DaelZRivera113@example.com', 1, '1969-09-13', 81),
(33, 'Carlos Feijóo Arconada ', 'BarrientosA6@nowhere.com', 1, '2002-07-06', 41),
(34, 'Carla Barrientos Villca ', 'SaulSarabia@example.com', 1, '2009-10-27', 44),
(35, 'Natalia Cifrián Álvarez ', 'Ezequiel_Gómez85@example.com', 1, '2003-08-05', 77),
(36, 'Juan Crespo Saavedra ', 'Adrián.Rivera3@nowhere.com', 1, '1973-12-22', 27),
(37, 'Julio Villca Ayllon ', 'CarmeloGómez7@example.com', 1, '1972-10-15', 56),
(38, 'Rebeca Santos Pérez ', 'Alfonso.T_Pérez@example.com', 1, '1949-06-17', 88),
(39, 'Manuel Feijóo Pérez ', 'Condori186@nowhere.com', 1, '2006-07-13', 49),
(40, 'Beatriz Álvarez Feijóo ', 'Zuny_Calvo@example.com', 0, '1949-06-18', 15),
(41, 'Mayra Abascal Calvo ', 'Benítez589@example.com', 1, '1984-02-27', 9),
(42, 'Laura Cifrián Arconada ', 'Arconada1@example.com', 1, '1979-05-12', 41),
(43, 'Juan Murillo Mejía ', 'Alfonso_Ayllon@example.com', 0, '1966-08-06', 63),
(44, 'Susana Sánchez Santana ', 'Sánchez8@example.com', 1, '1952-01-12', 36),
(45, 'Chema Jiménez Montero ', 'Sofía.Osorio118@example.com', 1, '1953-11-24', 41),
(46, 'David Villca Vartic ', 'Pablo_Rivera@example.com', 0, '1949-06-18', 52),
(47, 'Juan Sánchez Villca ', 'Álvarez@nowhere.com', 0, '1977-06-26', 21),
(48, 'Bety Franco Arconada ', 'Rosario3@example.com', 0, '1965-04-14', 74),
(49, 'Jonatán Arconada Cortés ', 'Martínez@example.com', 1, '1975-09-02', 15),
(50, 'David Franco Sarabia ', 'Pérez@example.com', 0, '1996-02-03', 31),
(51, 'Juan Condori Jiménez ', 'SaulOsorio@nowhere.com', 0, '1966-01-15', 51),
(52, 'Pablo Saldaña Pérez ', 'BenítezL@example.com', 1, '1990-01-22', 78),
(53, 'Sara Condori Arconada ', 'Saul.Rivera67@example.com', 0, '1951-07-19', 19),
(54, 'Bruna Calvo Irala ', 'Iglesias@example.com', 0, '1960-07-08', 6),
(55, 'Yoana Pérez Calvo ', 'Santos@example.com', 1, '1967-07-16', 71),
(56, 'Yuly Saiz Crespo ', 'Mejía85@nowhere.com', 0, '2000-11-21', 65),
(57, 'Keyla Saldaña Rosario ', 'CarmeloR.Sarabia@nowhere.com', 1, '1978-12-21', 63),
(58, 'Víctor Franco Martínez ', 'Barrientos59@nowhere.com', 1, '1955-04-17', 8),
(59, 'Carmelo Pérez Santos ', 'Andrea.Sánchez1@example.com', 1, '1967-11-02', 74),
(60, 'Adrián Benítez Jiménez ', 'Abascal@nowhere.com', 0, '1949-07-08', 89),
(61, 'Benito García Smith ', 'Ayllon7@example.com', 0, '2000-02-24', 44),
(62, 'Esthellen Sánchez Vartic ', 'Alberto_Vartic@nowhere.com', 0, '1952-08-29', 85),
(63, 'Ginger Martínez Condori ', 'SamuelBarrientos@example.com', 1, '1954-07-29', 75),
(64, 'Samuel Mejía Saldaña ', 'RubénDArconada@example.com', 1, '1949-06-23', 79),
(65, 'Alfredo Irala Calvo ', 'Álvarez@example.com', 1, '1949-07-29', 65),
(66, 'Radu Crespo Condori ', 'Saavedra@nowhere.com', 0, '1949-08-17', 83),
(67, 'David Cifrián Sarabia ', 'JonatánCondori532@example.com', 0, '1949-08-18', 45),
(68, 'Esthellen Barrientos Pérez ', 'AbigailAbascal@nowhere.com', 1, '2010-04-25', 82),
(69, 'Rubén Arconada Barrientos ', 'Cortés@nowhere.com', 0, '1972-03-07', 58),
(70, 'Alberto López Vartic ', 'CarlaGarcía@nowhere.com', 0, '1985-09-21', 15),
(71, 'Isabel Iglesias Franco ', 'SusanaSaiz@example.com', 0, '1991-03-02', 62),
(72, 'Saúl Sánchez Santos ', 'Rivera92@example.com', 0, '1968-08-06', 43),
(73, 'Ana Iglesias Cifrián ', 'CalvoL@example.com', 1, '1950-09-19', 45),
(74, 'Chema Pérez Saiz ', 'TitoIglesias892@nowhere.com', 1, '1990-09-05', 65),
(75, 'Carla Villca Santos ', 'Abascal49@example.com', 1, '1949-06-15', 14),
(76, 'Diego Feijóo Cortés ', 'CortésZ@example.com', 0, '2001-01-24', 67),
(77, 'Erick Gómez Montero ', 'Montero@nowhere.com', 1, '1977-02-16', 28),
(78, 'Sandra Arconada Álvarez ', 'César_Santos1@example.com', 1, '1972-07-08', 37),
(79, 'Beatriz Condori Barrientos ', 'Calvo68@example.com', 1, '1950-03-16', 6),
(80, 'Manuel Calvo Abascal ', 'Rosario@example.com', 1, '1956-07-19', 17),
(81, 'Ezequiel Smith Suárez ', 'Saavedra@nowhere.com', 1, '1990-12-18', 16),
(82, 'Alfonso Cortés Pérez ', 'FranciscoPérez@nowhere.com', 0, '1969-03-26', 12),
(83, 'Rubén Rosario Abascal ', 'Radu_Irala64@example.com', 0, '1951-01-23', 42),
(84, 'Carmelo Vartic Montero ', 'Villca@example.com', 0, '1953-10-09', 68),
(85, 'Rigoberto Saldaña Abascal ', 'Ayllon@example.com', 0, '1966-03-17', 82),
(86, 'Dael Barrientos Calvo ', 'NéstorGómez7@example.com', 0, '1985-07-15', 85),
(87, 'Judith Ayllon Saavedra ', 'Ayllon@example.com', 1, '2010-05-03', 36),
(88, 'Sue Cifrián Martínez ', 'Elías.Ayllon867@example.com', 0, '1984-01-16', 30),
(89, 'Chema Smith Suárez ', 'UberFeijóo9@example.com', 1, '1990-03-23', 77),
(90, 'Nelly Villca Villca ', 'Carlos_García129@example.com', 1, '1972-09-19', 77),
(91, 'Jonatán Franco Irala ', 'Benito.Rivera@example.com', 1, '1949-08-30', 8),
(92, 'María Feijóo Irala ', 'Crespo@nowhere.com', 1, '1949-06-18', 44),
(93, 'Radu Barrientos García ', 'XaviLópez7@example.com', 1, '2000-04-15', 68),
(94, 'Yuly Vartic Cifrián ', 'ErickGómez@example.com', 1, '1990-12-07', 16),
(95, 'Sue Calvo Feijóo ', 'Santos@nowhere.com', 0, '1999-08-02', 74),
(96, 'Nelly Villca Villca ', 'Cortés@nowhere.com', 0, '1970-07-26', 9),
(97, 'Mateo Jiménez Condori ', 'Vartic7@example.com', 1, '1974-09-20', 22),
(98, 'Ana Álvarez Osorio ', 'BetyVartic@example.com', 0, '1991-04-04', 71),
(99, 'Jonatán Iglesias Smith ', 'Nelly.Cortés211@nowhere.com', 1, '1949-06-21', 79),
(100, 'Sue Vartic Santos ', 'López@nowhere.com', 0, '1968-04-14', 68),
(101, 'Zuny García Santana ', 'Álvarez19@nowhere.com', 0, '1950-10-17', 19),
(102, 'Juan Smith Rosario ', 'Vartic@nowhere.com', 1, '1951-01-19', 73),
(103, 'Sue Ayllon Mejía ', 'Adrián.Montero@example.com', 1, '1966-01-17', 84),
(104, 'Laura Mejía Rivera ', 'JonatánYFeijóo361@nowhere.com', 1, '1962-08-28', 8),
(105, 'Tito Barrientos Feijóo ', 'SofíaAbascal117@example.com', 0, '1963-04-11', 22),
(106, 'Benito García Cortés ', 'Murillo92@example.com', 0, '1952-02-20', 49),
(107, 'Nelly Sánchez Sarabia ', 'Manuel.Barrientos@example.com', 1, '1986-08-16', 82),
(108, 'Erick Barrientos Cifrián ', 'GonzaloMontero458@example.com', 0, '1954-07-16', 36),
(109, 'Ezequiel Pérez García ', 'Isaac_Santos13@nowhere.com', 0, '1974-03-14', 8),
(110, 'Zuny Santana Cortés ', 'AbigailPérez@example.com', 0, '1990-03-30', 72),
(111, 'Radu Martínez Rivera ', 'Julio.Villca327@example.com', 1, '1963-08-15', 73),
(112, 'Elena Gómez Cifrián ', 'JonatánJiménez92@example.com', 0, '1952-11-01', 6),
(113, 'Natalia Pérez Barrientos ', 'Daniel_Vartic@example.com', 0, '2004-09-17', 22),
(114, 'Juan Feijóo Montero ', 'Murillo@nowhere.com', 0, '1958-04-18', 41),
(115, 'Juan Ayllon Murillo ', 'Saavedra@nowhere.com', 0, '2008-11-16', 76),
(116, 'Jonatán Cortés Santos ', 'Saavedra@example.com', 0, '1972-02-22', 65),
(117, 'Esthellen Montero Saldaña ', 'Mejía@example.com', 0, '1963-09-10', 71),
(118, 'Álvaro Pérez Rosario ', 'VarticY@nowhere.com', 1, '2005-02-22', 90),
(119, 'Elías Witt Pérez ', 'Villca297@example.com', 0, '1953-10-26', 80),
(120, 'Juan Rivera Saiz ', 'SaizA399@example.com', 1, '1984-05-30', 11),
(121, 'Beatriz Gómez Gómez ', 'Saiz153@nowhere.com', 1, '1950-03-03', 81),
(122, 'Alberto López Ayllon ', 'ChemaMartínez735@nowhere.com', 1, '2011-11-02', 47),
(123, 'Bruna Vartic Iglesias ', 'Smith@example.com', 1, '1949-06-16', 90),
(124, 'Álvaro Crespo Irala ', 'Suárez29@nowhere.com', 1, '1949-07-05', 81),
(125, 'Josué Iglesias Jiménez ', 'Witt132@nowhere.com', 0, '1989-11-16', 2),
(126, 'Ana García Pérez ', 'Sánchez@example.com', 0, '1963-07-31', 64),
(127, 'David Saavedra Saldaña ', 'AlfredoArconada@example.com', 0, '1981-01-20', 47),
(128, 'Susana Franco Abascal ', 'Elena.Saavedra@nowhere.com', 0, '1949-08-16', 76),
(129, 'Francisco Crespo Calvo ', 'FernandoSmith96@example.com', 1, '1959-09-05', 11),
(130, 'Elena Gómez Saavedra ', 'DavidBarrientos@nowhere.com', 1, '2003-03-26', 87),
(131, 'Daniela Saavedra Feijóo ', 'Saavedra44@nowhere.com', 1, '2011-12-15', 80),
(132, 'Fernando Montero Rosario ', 'Osorio694@nowhere.com', 0, '1973-07-02', 88),
(133, 'César Iglesias Saldaña ', 'zdrwu7587@example.com', 0, '1953-05-27', 57),
(134, 'María Martínez Ayllon ', 'Elías_Rivera@example.com', 0, '1960-12-21', 76),
(135, 'Yoana Vartic Franco ', 'Condori1@example.com', 1, '1967-01-06', 11),
(136, 'María Pérez Álvarez ', 'Franco5@nowhere.com', 0, '1970-11-28', 66),
(137, 'Nelly Pérez Pérez ', 'SaulVillca567@example.com', 0, '1951-05-28', 83),
(138, 'Sandra Smith Martínez ', 'César.Gómez@example.com', 1, '1965-02-21', 40),
(139, 'Germán Rivera Calvo ', 'Rivera@example.com', 1, '1951-01-31', 90),
(140, 'Esthellen Smith Sarabia ', 'Montero49@example.com', 0, '1952-02-12', 10),
(141, 'Sue Calvo García ', 'Beatriz.Cifrián@nowhere.com', 0, '1992-04-19', 85),
(142, 'Laura Villca Witt ', 'Cortés19@nowhere.com', 0, '2008-03-02', 84),
(143, 'Ana Witt García ', 'YulyR_Gómez91@example.com', 1, '1949-06-24', 11),
(144, 'Felipe Santos Irala ', 'RebecaJiménez@example.com', 1, '1973-10-25', 35),
(145, 'Juan Villca Sánchez ', 'Pablo.García715@example.com', 1, '1999-12-25', 86),
(146, 'Keyla Barrientos Villca ', 'Martínez@example.com', 1, '1991-06-01', 71),
(147, 'Ainara Smith Cifrián ', 'Sarabia@example.com', 1, '1959-08-22', 5),
(148, 'Mateo Franco Pérez ', 'SantanaY212@example.com', 1, '1949-09-02', 9),
(149, 'Beatriz Cifrián Irala ', 'ElenaIrala913@nowhere.com', 0, '1949-08-29', 90),
(150, 'Josué Villca Villca ', 'Witt@example.com', 1, '2003-07-26', 88),
(151, 'Xavi Iglesias Montero ', 'Manuel_Álvarez@example.com', 0, '2005-12-18', 2),
(152, 'Ginger Pérez Sánchez ', 'Rosario@example.com', 0, '1956-05-01', 50),
(153, 'Sofía Murillo Suárez ', 'Manuel.Martínez@nowhere.com', 1, '1952-06-30', 39),
(154, 'Chema Abascal López ', 'Isaac_D.Arconada@nowhere.com', 0, '1961-11-25', 89),
(155, 'Zuny Sarabia Vartic ', 'FernandoPérez84@example.com', 1, '1950-12-25', 73),
(156, 'Josué Villca Vartic ', 'RebecaSuárez@nowhere.com', 1, '1971-01-07', 71),
(157, 'Beatriz García Jiménez ', 'López@nowhere.com', 1, '1952-12-02', 25),
(158, 'Uber Murillo Villca ', 'Yuri.Rivera81@example.com', 1, '1949-07-26', 1),
(159, 'Sara Santos Barrientos ', 'FernandoBIrala@example.com', 0, '1950-08-01', 15),
(160, 'Alfredo Murillo Ayllon ', 'Pérez@example.com', 0, '1953-06-26', 82),
(161, 'Alberto Franco Irala ', 'Witt@nowhere.com', 1, '1966-09-23', 74),
(162, 'Víctor Villca Franco ', 'Ana_Montero51@example.com', 1, '1986-08-10', 22),
(163, 'Ainara Crespo Crespo ', 'Vartic@example.com', 1, '1951-07-09', 61),
(164, 'Samuel Crespo Rosario ', 'Patricia_Sánchez@example.com', 1, '1966-11-02', 4),
(165, 'Abigail Vartic Montero ', 'Carla.Osorio99@example.com', 1, '1949-06-17', 26),
(166, 'Néstor Saavedra Murillo ', 'Saavedra16@example.com', 1, '1950-06-07', 63),
(167, 'Rosy Gómez Vartic ', 'RaduBenítez@example.com', 0, '1973-04-06', 5),
(168, 'Saúl Pérez Sánchez ', 'Pérez@example.com', 1, '1990-09-09', 74),
(169, 'Natalia Feijóo López ', 'Murillo136@example.com', 0, '1987-07-01', 57),
(170, 'Francisco Crespo Murillo ', 'SofíaWitt696@nowhere.com', 0, '2001-03-17', 53),
(171, 'Sara Smith Santos ', 'FelipePérez@example.com', 1, '1989-01-09', 16),
(172, 'Bruna Martínez Arconada ', 'Ayllon@example.com', 1, '1964-04-05', 66),
(173, 'Yuri Saiz García ', 'GermánMartínez549@example.com', 1, '1985-02-26', 52),
(174, 'David Pérez Cifrián ', 'SusanaGómez471@example.com', 0, '2007-07-06', 38),
(175, 'Carlos Gómez Pérez ', 'Cifrián234@nowhere.com', 0, '1997-07-03', 71),
(176, 'María Iglesias Saiz ', 'García9@example.com', 0, '2002-01-21', 86),
(177, 'Patricia Cifrián Gómez ', 'DaelW_Pérez@example.com', 0, '1951-05-05', 23),
(178, 'Mateo Condori Irala ', 'SantanaH@example.com', 0, '1962-03-19', 25),
(179, 'Julio Abascal Rivera ', 'García@example.com', 0, '1949-09-04', 39),
(180, 'Francisco Barrientos Saavedra ', 'Santana@nowhere.com', 1, '1949-06-17', 26),
(181, 'Rebeca Rivera Benítez ', 'Saiz@example.com', 0, '1966-11-08', 88),
(182, 'Ana Villca Saldaña ', 'Martínez@nowhere.com', 1, '2009-07-02', 84),
(183, 'Rebeca Rivera Witt ', 'Villca738@example.com', 1, '1992-03-10', 83),
(184, 'Francisco Vartic Rosario ', 'NéstorSaavedra169@example.com', 1, '1989-06-25', 44),
(185, 'Francisco Feijóo Franco ', 'Vartic@nowhere.com', 1, '1949-06-16', 28),
(186, 'Ainara Saiz Ayllon ', 'Juan_García785@example.com', 1, '1959-03-09', 80),
(187, 'Elías García Rosario ', 'Ayllon@example.com', 1, '1969-09-01', 17),
(188, 'Radu Abascal Saiz ', 'AyllonX271@nowhere.com', 1, '2006-02-14', 59),
(189, 'Sandra Santana Pérez ', 'DiegoÁlvarez358@example.com', 0, '1996-12-26', 49),
(190, 'Samuel García Murillo ', 'Abigail.Ayllon5@nowhere.com', 0, '1950-07-22', 87),
(191, 'Natán Condori Condori ', 'López@example.com', 0, '1950-03-18', 42),
(192, 'Elías Pérez Witt ', 'Osorio@example.com', 0, '2011-10-29', 50),
(193, 'Josué Crespo Franco ', 'FranciscoIrala@example.com', 0, '1949-06-15', 13),
(194, 'Laura Barrientos Pérez ', 'Condori36@nowhere.com', 1, '1985-12-22', 70),
(195, 'Laura Álvarez Mejía ', 'García@example.com', 0, '1959-07-01', 59),
(196, 'Carlos Saldaña Barrientos ', 'Pérez@example.com', 1, '1997-05-11', 77),
(197, 'Chema Gómez Cortés ', 'Suárez@nowhere.com', 1, '1949-06-17', 62),
(198, 'Rubén Condori Rivera ', 'Pérez@example.com', 1, '1996-04-16', 75),
(199, 'Ana Santana Martínez ', 'IsaacRosario@example.com', 1, '1949-06-21', 64),
(200, 'Ana Witt Crespo ', 'López878@example.com', 0, '2010-08-26', 89),
(201, 'Felipe Álvarez Saldaña ', 'Samuel.AVillca@nowhere.com', 1, '1999-11-15', 79),
(202, 'Susana Irala Vartic ', 'JulioSarabia15@nowhere.com', 1, '2007-10-16', 12),
(203, 'Elías García Smith ', 'Gómez35@example.com', 0, '2010-11-27', 79),
(204, 'Radu Pérez Sarabia ', 'JonatánCondori@example.com', 0, '1962-02-25', 37),
(205, 'Víctor Sánchez Mejía ', 'Suárez@example.com', 1, '2007-01-23', 46),
(206, 'Laura Iglesias Cifrián ', 'FelipeMurillo@example.com', 0, '1973-09-15', 19),
(207, 'Mayra Cortés Irala ', 'XaviÁlvarez95@example.com', 0, '1985-05-15', 26),
(208, 'Tito Villca Iglesias ', 'Cortés59@nowhere.com', 0, '1985-03-25', 13),
(209, 'Yuly Ayllon Irala ', 'Sarabia66@example.com', 1, '1957-04-23', 18),
(210, 'Mateo Calvo Gómez ', 'MejíaF345@nowhere.com', 1, '1949-09-19', 71),
(211, 'Gonzalo Abascal Suárez ', 'Calvo822@example.com', 0, '1952-02-24', 28),
(212, 'Rubén Iglesias Smith ', 'Smith@example.com', 0, '1979-04-22', 71),
(213, 'Daniela Pérez García ', 'SaulBenítez@example.com', 1, '1982-03-21', 31),
(214, 'Ezequiel Crespo Crespo ', 'Martínez@example.com', 1, '1949-06-19', 44),
(215, 'Felipe García Santos ', 'Gonzalo_Santos@nowhere.com', 1, '1965-10-28', 32),
(216, 'Laura Irala Franco ', 'DavidSarabia827@nowhere.com', 0, '1951-06-30', 87),
(217, 'Abigail Jiménez Saavedra ', 'Sánchez97@example.com', 1, '1951-06-19', 19),
(218, 'Natán Vartic Santos ', 'SaulÁlvarez@example.com', 0, '1999-11-11', 62),
(219, 'Julio Condori Pérez ', 'ElíasPérez6@example.com', 0, '1993-09-23', 48),
(220, 'Keyla Cifrián Arconada ', 'RigobertoJiménez@nowhere.com', 0, '2004-04-04', 51),
(221, 'Rigoberto Rosario Murillo ', 'Irala@example.com', 1, '1962-12-08', 77),
(222, 'Carlos Sánchez Ayllon ', 'Pérez51@nowhere.com', 0, '1976-04-20', 68),
(223, 'Bety Álvarez Franco ', 'Julio_Saavedra@example.com', 0, '1989-05-04', 74),
(224, 'Julio Smith Santana ', 'NellyIglesias73@example.com', 0, '1986-06-10', 5),
(225, 'Gonzalo Ayllon Sánchez ', 'García@example.com', 1, '1959-02-25', 7),
(226, 'Patricia Smith Cifrián ', 'SaizP@nowhere.com', 1, '1949-06-23', 43),
(227, 'Rosy Santos Álvarez ', 'Pérez@example.com', 0, '1991-06-14', 31),
(228, 'Saúl Condori Condori ', 'Pérez51@example.com', 0, '2012-01-30', 55),
(229, 'César Barrientos Ayllon ', 'CondoriN@nowhere.com', 0, '1968-02-21', 9),
(230, 'Sandra Irala Saldaña ', 'Patricia_Rivera@nowhere.com', 0, '1953-04-20', 28),
(231, 'Adrián Rivera Sarabia ', 'Gómez27@example.com', 1, '1951-07-14', 73),
(232, 'Xavi Crespo García ', 'Rigoberto_E_Rivera@nowhere.com', 0, '1962-01-16', 21),
(233, 'Xavi Condori Rosario ', 'Feijóo@example.com', 1, '1956-06-09', 54),
(234, 'Ezequiel Montero Franco ', 'JosuéRivera@example.com', 0, '1954-01-23', 63),
(235, 'Nelly Pérez Iglesias ', 'Smith7@nowhere.com', 0, '1949-07-17', 10),
(236, 'Alfonso Iglesias Rosario ', 'SueRosario@nowhere.com', 0, '1962-05-09', 51),
(237, 'Sara Smith Saavedra ', 'BrunaCondori@nowhere.com', 0, '1995-05-24', 16),
(238, 'Rubén Martínez Saiz ', 'Arconada@nowhere.com', 1, '1949-06-18', 44),
(239, 'Rebeca Arconada Cortés ', 'Adrián.Santana@example.com', 1, '1952-01-26', 27),
(240, 'Francisco Jiménez Abascal ', 'Álvarez@nowhere.com', 0, '1953-09-27', 83),
(241, 'Uber Crespo Santos ', 'Yuri_Rosario@example.com', 0, '2012-07-02', 85),
(242, 'Néstor Cortés Jiménez ', 'eefnfk78@example.com', 0, '1999-12-20', 78),
(243, 'Judith Sánchez Franco ', 'Pablo_Crespo@example.com', 1, '1949-06-16', 62),
(244, 'Yoana García Irala ', 'Elena.Pérez9@nowhere.com', 1, '1980-07-13', 1),
(245, 'Abigail Santos Sánchez ', 'IsaacMartínez@nowhere.com', 1, '1999-11-26', 74),
(246, 'Elías Cortés Rosario ', 'AlbertoAbascal386@example.com', 0, '1959-06-15', 2),
(247, 'Yoana Gómez Cifrián ', 'AbigailGómez@example.com', 0, '1949-06-19', 32),
(248, 'Abigail Murillo Mejía ', 'XaviÁlvarez@example.com', 1, '1949-09-11', 10),
(249, 'Sandra Saldaña Smith ', 'PabloSarabia916@example.com', 1, '2013-01-31', 58),
(250, 'Andrea Jiménez Pérez ', 'Saavedra@nowhere.com', 1, '1949-09-04', 63),
(251, 'Carla Jiménez Irala ', 'BrunaASantos833@example.com', 1, '1976-05-22', 36),
(252, 'Nelly Pérez Smith ', 'Jiménez916@example.com', 0, '1951-06-30', 57),
(253, 'Keyla Iglesias Gómez ', 'Alberto.Gómez@nowhere.com', 1, '2002-07-31', 61),
(254, 'Carla Santos García ', 'RosyIrala258@example.com', 1, '1979-06-16', 4),
(255, 'Abigail Santana Abascal ', 'Rosario958@example.com', 0, '1997-11-22', 25),
(256, 'Nelly García Saldaña ', 'Nelly_Witt49@example.com', 0, '1968-10-21', 5),
(257, 'Keyla Cifrián Villca ', 'DavidCortés77@example.com', 1, '1998-11-17', 29),
(258, 'Natán Sánchez Benítez ', 'Villca72@example.com', 1, '1952-02-08', 20),
(259, 'Yuly Cifrián Irala ', 'Francisco_Jiménez@example.com', 0, '1974-10-10', 33),
(260, 'Abigail Pérez Arconada ', 'Pérez@example.com', 0, '1949-06-23', 85),
(261, 'Erick Villca Santana ', 'Irala917@nowhere.com', 1, '1949-06-18', 38),
(262, 'Ezequiel Martínez García ', 'SusanaFeijóo@example.com', 1, '1990-04-01', 23),
(263, 'Susana Condori López ', 'Saldaña@example.com', 0, '1964-06-18', 4),
(264, 'Radu García Pérez ', 'KeylaMurillo@example.com', 1, '2001-10-12', 85),
(265, 'Erick Abascal Santos ', 'Condori@example.com', 1, '1959-11-08', 8),
(266, 'Keyla Cifrián Santos ', 'CarmeloIrala12@example.com', 0, '1966-11-09', 86),
(267, 'Alberto Rivera Saldaña ', 'Tito.Benítez@example.com', 1, '1949-06-24', 23),
(268, 'Carla Arconada Murillo ', 'Witt534@example.com', 1, '1988-02-20', 35),
(269, 'Chema Condori Vartic ', 'ElíasAbascal@example.com', 0, '1952-11-10', 16),
(270, 'Ana Sánchez Feijóo ', 'Benítez@example.com', 1, '1951-11-20', 47),
(271, 'Bruna Santos Arconada ', 'Álvarez@example.com', 0, '1949-06-24', 28),
(272, 'Sue Ayllon Santana ', 'Rosario27@example.com', 0, '1950-03-21', 41),
(273, 'María Condori Pérez ', 'NellySantos62@nowhere.com', 1, '2003-06-13', 29),
(274, 'Chema Rosario López ', 'Pérez@example.com', 1, '2003-10-31', 36),
(275, 'Isabel Montero Abascal ', 'Manuel.Condori115@example.com', 1, '1977-12-30', 72),
(276, 'Julio Iglesias Pérez ', 'RosyBenítez9@example.com', 1, '1997-01-22', 69),
(277, 'Susana Abascal Santos ', 'Calvo876@example.com', 0, '1970-10-11', 67),
(278, 'Yoana Mejía Jiménez ', 'Álvarez@example.com', 0, '1962-06-23', 76),
(279, 'Laura Cifrián Martínez ', 'GingerSuárez@example.com', 1, '1955-09-25', 2),
(280, 'Zuny Murillo Villca ', 'MateoSarabia@example.com', 1, '2011-06-30', 7),
(281, 'Zuny Saavedra Smith ', 'Sarabia@example.com', 0, '2008-02-25', 9),
(282, 'Alfonso Abascal Pérez ', 'Ayllon@nowhere.com', 1, '1962-10-12', 89),
(283, 'Laura Villca Pérez ', 'FelipeMartínez646@example.com', 1, '1981-07-14', 90),
(284, 'Felipe Smith Condori ', 'AinaraMartínez6@example.com', 0, '2005-03-24', 87),
(285, 'Diego Witt Vartic ', 'García894@nowhere.com', 1, '2001-07-14', 82),
(286, 'Álvaro Iglesias Mejía ', 'Sánchez@example.com', 1, '1949-11-26', 75),
(287, 'Ana Saiz Mejía ', 'Benítez78@example.com', 0, '1999-04-11', 38),
(288, 'Nelly Martínez Suárez ', 'AlbertoRivera@nowhere.com', 1, '1949-06-17', 76),
(289, 'César Cortés Saavedra ', 'Abigail_Z_Gómez@example.com', 1, '1978-07-05', 83),
(290, 'Rosy Álvarez Osorio ', 'szkr233@nowhere.com', 1, '1949-06-16', 76),
(291, 'Zuny Montero Sánchez ', 'Pablo_Jiménez@example.com', 1, '1992-06-16', 21),
(292, 'Nelly Condori Feijóo ', 'Arconada96@example.com', 1, '1951-05-27', 32),
(293, 'Alfredo Feijóo Santos ', 'Mejía@example.com', 1, '1959-05-26', 4),
(294, 'Daniela Osorio Gómez ', 'RubénAbascal@example.com', 0, '1992-08-29', 87),
(295, 'Pablo Smith Rivera ', 'Álvarez@example.com', 0, '1956-03-30', 88),
(296, 'Patricia Cortés Villca ', 'García@example.com', 0, '1955-11-29', 46),
(297, 'Uber Jiménez Ayllon ', 'IralaE913@example.com', 1, '1996-04-15', 3),
(298, 'Chema Santos Jiménez ', 'DavidSaldaña2@example.com', 0, '1950-06-04', 42),
(299, 'Daniel Crespo Álvarez ', 'Villca253@example.com', 0, '1978-08-25', 23),
(300, 'Ana Barrientos Villca ', 'Ginger_Gómez@example.com', 0, '1971-12-24', 69),
(301, 'María Barrientos Smith ', 'Barrientos@nowhere.com', 0, '1979-12-12', 45),
(302, 'Isaac Rosario Arconada ', 'Murillo@example.com', 1, '1949-12-12', 5),
(303, 'Jonatán Montero Pérez ', 'Crespo@example.com', 0, '2001-03-05', 71),
(304, 'Rebeca Sánchez Álvarez ', 'Judith.M.Feijóo73@nowhere.com', 1, '1972-11-07', 25),
(305, 'Felipe López Villca ', 'García88@nowhere.com', 1, '1994-09-06', 18),
(306, 'Manuel Sánchez Saldaña ', 'Cifrián7@example.com', 1, '1955-04-03', 5),
(307, 'Rigoberto Smith Condori ', 'Suárez@example.com', 1, '2008-09-24', 40),
(308, 'Saúl Ayllon Saavedra ', 'Pérez@example.com', 1, '1949-07-31', 69),
(309, 'Tito Pérez Osorio ', 'Sarabia27@example.com', 1, '1966-07-26', 64),
(310, 'Sara Murillo López ', 'Chema_Iglesias564@example.com', 0, '1977-07-26', 54),
(311, 'Mateo Cortés Calvo ', 'JudithFranco8@example.com', 0, '1951-01-30', 25),
(312, 'Juan Condori Sánchez ', 'AdriánLópez@example.com', 0, '1990-06-10', 53),
(313, 'Rubén Cifrián Vartic ', 'AlfredoSuárez9@example.com', 1, '1955-01-07', 58),
(314, 'Adrián Iglesias Vartic ', 'Saldaña@example.com', 1, '1964-12-15', 34),
(315, 'María Abascal Villca ', 'FranciscoSmith@example.com', 1, '1960-01-13', 20),
(316, 'Gonzalo García Witt ', 'BetyArconada949@nowhere.com', 0, '1949-06-23', 89),
(317, 'Sue Pérez Franco ', 'García873@example.com', 0, '2003-05-01', 89),
(318, 'Felipe Smith Suárez ', 'SofíaAyllon@nowhere.com', 1, '1966-04-15', 16),
(319, 'Víctor Jiménez Cortés ', 'Ayllon@example.com', 1, '1959-07-28', 77),
(320, 'Tito Cortés Barrientos ', 'NellyRivera32@example.com', 0, '1972-09-25', 4),
(321, 'Mayra Santos López ', 'López53@example.com', 1, '1967-06-07', 6),
(322, 'Fernando Sarabia Pérez ', 'Natalia_VWitt@example.com', 0, '2006-12-04', 18),
(323, 'Germán Condori Iglesias ', 'Saavedra@example.com', 1, '2008-10-20', 64),
(324, 'Ainara Irala Pérez ', 'Chema_Santos@nowhere.com', 1, '1950-01-04', 81),
(325, 'Pablo Sarabia Villca ', 'DanielaRosario@example.com', 1, '1949-08-03', 8),
(326, 'Isabel Pérez Osorio ', 'Cortés3@example.com', 1, '1949-07-02', 64),
(327, 'Natalia Feijóo Santos ', 'Pérez@nowhere.com', 0, '1970-02-23', 72),
(328, 'Uber Cifrián Montero ', 'Nelly.Condori@nowhere.com', 0, '1970-05-10', 16),
(329, 'Carlos Murillo Barrientos ', 'Sarabia@example.com', 1, '1982-11-09', 12),
(330, 'Mateo Pérez Rosario ', 'GingerMejía1@example.com', 0, '1970-02-21', 39),
(331, 'Esthellen Crespo Crespo ', 'KeylaSantos82@example.com', 1, '1950-08-28', 16),
(332, 'Germán Witt Abascal ', 'Dael_Abascal534@nowhere.com', 1, '1949-06-18', 6),
(333, 'Carlos Rosario Cifrián ', 'Villca3@example.com', 0, '1959-07-08', 20),
(334, 'Mateo García Abascal ', 'Keyla_Arconada@nowhere.com', 0, '2011-02-02', 44),
(335, 'Fernando Rosario Smith ', 'Santana389@nowhere.com', 1, '1950-09-09', 90),
(336, 'Gonzalo Benítez Pérez ', 'Daniela.CSarabia@nowhere.com', 1, '1975-04-27', 9),
(337, 'Laura Santos Abascal ', 'Jiménez@example.com', 1, '1962-06-27', 47),
(338, 'Benito Mejía Montero ', 'Suárez@example.com', 1, '1952-05-03', 32),
(339, 'Susana Mejía Saavedra ', 'Erick_Vartic@nowhere.com', 1, '1949-06-21', 82),
(340, 'Natán Vartic Álvarez ', 'Mateo.Ayllon154@example.com', 1, '1955-01-18', 84),
(341, 'Xavi Rivera Saldaña ', 'Sánchez27@example.com', 0, '1996-09-07', 63),
(342, 'Ezequiel Barrientos Jiménez ', 'Samuel.Suárez@nowhere.com', 1, '1997-02-04', 78),
(343, 'Fernando Barrientos Irala ', 'EzequielK.Saiz747@example.com', 1, '1981-12-08', 66),
(344, 'Ginger Crespo Montero ', 'Xavi_García@example.com', 0, '1951-12-13', 68),
(345, 'Natalia Murillo Saiz ', 'GingerVartic48@example.com', 1, '1997-01-22', 45),
(346, 'Keyla Ayllon Mejía ', 'SaraYCortés@example.com', 1, '1977-10-04', 25),
(347, 'Fernando Saavedra Gómez ', 'MaríaCondori@nowhere.com', 1, '1949-07-20', 70),
(348, 'Nelly García Feijóo ', 'Iglesias@nowhere.com', 1, '1956-09-11', 13),
(349, 'Beatriz Santos Irala ', 'Smith@example.com', 1, '1949-08-21', 38),
(350, 'Yuri Cifrián Mejía ', 'FernandoC.Rosario739@example.com', 0, '1971-02-18', 37),
(351, 'Ezequiel Jiménez Cifrián ', 'ErickSantana@nowhere.com', 0, '1950-05-26', 16),
(352, 'Bruna Osorio Iglesias ', 'Sánchez4@nowhere.com', 0, '1949-09-12', 31),
(353, 'Daniel Irala Santana ', 'Ayllon544@example.com', 1, '1951-05-10', 36),
(354, 'Yuri Saldaña Crespo ', 'Witt2@example.com', 1, '1992-09-25', 69),
(355, 'Daniela Irala Mejía ', 'ChemaCrespo6@example.com', 1, '2012-11-16', 88),
(356, 'Rigoberto Cortés Barrientos ', 'AnaFranco@example.com', 1, '1949-09-11', 24),
(357, 'Judith Franco Gómez ', 'Saldaña@example.com', 1, '1962-07-08', 79),
(358, 'Sue Pérez Jiménez ', 'AdriánMejía@example.com', 1, '2011-10-03', 82),
(359, 'Sara Arconada Osorio ', 'NellyFranco75@example.com', 0, '1964-09-04', 46),
(360, 'Daniel Benítez Jiménez ', 'Pérez@nowhere.com', 0, '1955-10-01', 34),
(361, 'César Cifrián Gómez ', 'Ainara_Ayllon191@example.com', 0, '2004-08-17', 2),
(362, 'Mayra Sánchez Saldaña ', 'Montero92@nowhere.com', 0, '2010-10-06', 35),
(363, 'Carmelo Murillo Pérez ', 'DavidVillca59@example.com', 0, '1949-07-12', 40),
(364, 'Alfonso Pérez Calvo ', 'Crespo61@example.com', 1, '1951-03-07', 42),
(365, 'Isabel Álvarez Irala ', 'Sánchez@example.com', 0, '1964-09-12', 45),
(366, 'Alfredo Suárez Barrientos ', 'NéstorMejía52@example.com', 0, '1998-12-15', 10),
(367, 'Abigail Franco Pérez ', 'Saiz@example.com', 0, '1974-05-09', 52),
(368, 'Francisco Condori Cortés ', 'Irala5@example.com', 1, '1977-11-28', 20),
(369, 'Yuri Saavedra Smith ', 'AinaraCalvo@example.com', 0, '1961-01-08', 67),
(370, 'Alfonso Iglesias Sánchez ', 'Arconada297@nowhere.com', 0, '1982-12-16', 50),
(371, 'Abigail Gómez Feijóo ', 'ÁlvaroJiménez187@nowhere.com', 0, '1990-06-02', 55),
(372, 'Keyla Pérez Pérez ', 'AlfonsoAyllon239@example.com', 0, '1949-09-15', 3),
(373, 'Saúl Abascal Condori ', 'Irala327@nowhere.com', 1, '1970-10-24', 31),
(374, 'Néstor Abascal Saavedra ', 'RiveraX@example.com', 0, '1964-06-26', 77),
(375, 'Víctor Benítez Villca ', 'ZunyGómez@example.com', 0, '1996-08-03', 17),
(376, 'Rubén Cifrián Witt ', 'PatriciaZPérez@nowhere.com', 0, '2000-12-09', 28),
(377, 'Juan Pérez Saldaña ', 'Saul.Pérez@example.com', 0, '1982-09-25', 33),
(378, 'Elías Smith Cifrián ', 'Condori@example.com', 0, '1960-07-17', 50),
(379, 'Diego Calvo Vartic ', 'Cortés61@nowhere.com', 1, '2013-03-29', 27),
(380, 'Sara Condori Benítez ', 'Abascal92@example.com', 0, '1949-08-26', 75),
(381, 'Manuel Cifrián Cifrián ', 'Néstor_Saavedra52@example.com', 0, '1983-04-28', 39),
(382, 'Francisco Martínez Osorio ', 'Álvarez@example.com', 1, '1967-03-28', 25),
(383, 'Beatriz Franco Osorio ', 'SmithM@example.com', 1, '1957-07-15', 39),
(384, 'Erick López Abascal ', 'Rivera@example.com', 1, '1965-09-27', 89),
(385, 'Rosy Benítez Suárez ', 'Álvarez@example.com', 1, '2006-06-05', 67),
(386, 'Abigail Ayllon Irala ', 'JudithArconada22@example.com', 1, '1998-03-30', 36),
(387, 'Pablo García Mejía ', 'David.Rivera@example.com', 0, '1951-11-21', 13),
(388, 'Mayra Benítez López ', 'López@nowhere.com', 0, '2008-10-19', 35),
(389, 'Natán Martínez Iglesias ', 'Saiz285@example.com', 1, '1949-06-17', 40),
(390, 'Laura Calvo Saldaña ', 'Cortés522@example.com', 1, '1949-09-22', 8),
(391, 'Nelly Abascal Vartic ', 'ÁlvarezT8@example.com', 1, '1949-06-21', 43),
(392, 'Mayra Crespo Saavedra ', 'Arconada@example.com', 0, '1958-06-19', 11),
(393, 'Rubén Suárez Sánchez ', 'EzequielCrespo@example.com', 1, '2006-09-02', 42),
(394, 'Ainara Martínez Saldaña ', 'SueVillca@example.com', 1, '1952-03-10', 75),
(395, 'Yuly Irala Ayllon ', 'Sánchez@nowhere.com', 1, '1949-07-19', 89),
(396, 'Patricia Santana Witt ', 'Dael_Vartic49@example.com', 1, '1952-02-16', 61),
(397, 'Alberto Mejía Witt ', 'JosuéCalvo31@nowhere.com', 1, '1952-12-07', 19),
(398, 'Susana Rivera Gómez ', 'YoanaMontero372@example.com', 0, '1949-06-24', 64),
(399, 'Natán Álvarez Montero ', 'Rivera@example.com', 0, '1951-08-15', 18),
(400, 'Samuel Cortés Álvarez ', 'Martínez88@nowhere.com', 1, '1954-01-06', 30);

-- 
-- Dumping data for table iglesias
--
INSERT INTO iglesias VALUES
(1, 'United Kingdom', 'Moray', 'Peterborough', 1.14, 218),
(2, 'Estonia', 'Angus', 'Southampton', 4271.85, 301),
(3, 'United Kingdom', 'Bute', 'Newcastle upon Tyne', 4212.21, 296),
(4, 'Panama', 'Antrim', 'Swindon', 3132.37, 111),
(5, 'South Africa', 'Warwickshire', 'Southend-on-Sea', 48.88, 37),
(6, 'Peru', 'Nottinghamshire', 'Telford', 4983.86, 256),
(7, 'Myanmar', 'Suffolk', 'Plymouth', 2398.54, 320),
(8, 'Mexico', 'Gwynedd', 'St Helens', 3714.05, 370),
(9, 'Georgia', 'Caithness', 'Coventry', 4021.31, 372),
(10, 'Malawi', 'West Lothian', 'Northampton', 2902.93, 32);

-- 
-- Dumping data for table ubicaciones
--
INSERT INTO ubicaciones VALUES
(1, 'Aula 2', '1-9 Rushworth Street', 3),
(2, 'Casa de Carmelo', '5 Cyprus Street', 2),
(3, 'Salón Principal ', '5-8 Downing Street', 1),
(4, 'Plaza del Ayuntamiento', '41 Goswell Road', 2),
(5, 'Aula 2', '2 John Wesley Court', 5),
(6, 'Palacio De Exposiciones', '2-9 Kathleen Road', 7),
(7, 'Salón Principal ', '11-27 Abbey Mews', 4),
(8, 'Hotel Marqués De Valdecilla', '2-9 Abbeville Road', 3),
(9, 'Aula 2', '42-27 Hillyard Road', 1),
(10, 'Salón Principal ', '8 Seymour Place', 7),
(11, 'Palacio De Exposiciones', '1-9 Lowndes Street', 6),
(12, 'Hotel Marqués De Valdecilla', '21-56 Woodbridge Street', 7),
(13, 'Aula 2', '2D Bloomsbury Street', 8),
(14, 'Aula 2', '3-9 Elias Place', 10),
(15, 'Aula 2', '6 A-E Milroy Walk', 2),
(16, 'Albergue El Retiro', '4-6 Overbury Road', 6),
(17, 'Casa de Mateo', '5-9 Philpot Street', 7),
(18, 'Plaza del Ayuntamiento', '14-57 Roseacre Close', 8),
(19, 'Casa de Daniela', '5-8 Great Marlborough Street', 1),
(20, 'Aula 3', '1-8 Portway', 4),
(21, 'Punto de evangelismo', '8 Great Suffolk Street', 3),
(22, 'Plaza del Ayuntamiento', '20 A-E Southdown Crescent', 2),
(23, 'Punto de evangelismo', '3 Czar Street', 9),
(24, 'Plaza del Ayuntamiento', '1E Apsley Way', 7),
(25, 'Albergue El Retiro', '2-6 Peckwater Street', 1),
(26, 'Albergue El Retiro', '55-28 Farleigh Place', 10),
(27, 'Plaza del Ayuntamiento', '43-19 Sussex Square', 1),
(28, 'Hotel Marqués De Valdecilla', '11 Chatham Street', 3),
(29, 'Parque de la Marga', '41-47 Aubrey Road', 10),
(30, 'Aula 1', '9B Adelaide Grove', 8),
(31, 'Parque de la Marga', '3 Southcombe Street', 10),
(32, 'Palacio De Exposiciones', '14-59 Garnett Close', 1),
(33, 'Aula 3', '9 Farm Street', 2),
(34, 'Salón Principal ', '9 A-D Shroton Street', 9),
(35, 'Hotel Marqués De Valdecilla', '52-59 Kensington Park Road', 3),
(36, 'Casa de Keyla', '1 Mill Court', 10),
(37, 'Albergue El Retiro', '21-56 Eastcote Road', 9),
(38, 'Aula 1', '8 Snaresbrook Road', 6),
(39, 'Albergue El Retiro', '72 Kenton Road', 7),
(40, 'Aula 3', '276 Hildreth Street', 9),
(41, 'Casa de Alberto', '1 Newall Road', 1),
(42, 'Aula 3', '13-39 Nottingham Street', 5),
(43, 'Albergue El Retiro', '8 Ashmead Road', 7),
(44, 'Plaza del Ayuntamiento', '1-9 Eton Avenue', 5),
(45, 'Palacio De Exposiciones', '3 Abbey Road', 7),
(46, 'Plaza del Ayuntamiento', '88 Bridge Road', 1),
(47, 'Plaza del Ayuntamiento', '33-37 Stable Street', 4),
(48, 'Parque de la Marga', '51-39 Nile Street', 8),
(49, 'Punto de evangelismo', '41-19 Kingston Lane', 8),
(50, 'Aula 3', '9 Strathearn Place', 5),
(51, 'Palacio De Exposiciones', '5D Ixworth Place', 3),
(52, 'Aula 1', '8 Kennington Road', 3),
(53, 'Salón Principal ', '33-36 Penge High Street', 9),
(54, 'Aula 1', '5 Field Road', 2),
(55, 'Parque de la Marga', '5-9 Abyssinia Close', 9),
(56, 'Aula 2', '1-9 Whitehorse Road', 2),
(57, 'Albergue El Retiro', '9 Falcon Lane', 1),
(58, 'Casa de Uber', '4-8 Coborn Road', 4),
(59, 'Aula 1', '7 Arkley Crescent', 6),
(60, 'Casa de Daniel', '15-56 Elephant Road', 7),
(61, 'Aula 3', '15-37 Creek Road', 2),
(62, 'Casa de Abigail', '6 A-D Amwell Street', 6),
(63, 'Palacio De Exposiciones', '8D Nottingham Road', 4),
(64, 'Casa de Manuel', '5-7 Herbal Hill', 9),
(65, 'Salón Principal ', '9 A-C Malden Road', 3),
(66, 'Hotel Marqués De Valdecilla', '3-8 St Martin''s Lane', 5),
(67, 'Aula 2', '7 Sycamore Avenue', 9),
(68, 'Palacio De Exposiciones', '3 Abbey Lane', 8),
(69, 'Palacio De Exposiciones', '3 Prince''s Square', 9),
(70, 'Albergue El Retiro', '31-47 Commercial Road', 1),
(71, 'Casa de Keyla', '45 Poynders Road', 6),
(72, 'Aula 3', '2-7 New Cavendish Street', 2),
(73, 'Aula 3', '6C Biddulph Road', 2),
(74, 'Punto de evangelismo', '51-17 Abbey Lane', 5),
(75, 'Aula 3', '2C Charlotte Road', 2),
(76, 'Aula 1', '4 Camberwell Church Street', 1),
(77, 'Aula 1', '5 Hereford Road', 7),
(78, 'Aula 3', '45-29 Gt Cambridge Road', 10),
(79, 'Parque de la Marga', '3-9 Buckingham Palace Road', 8),
(80, 'Aula 1', '13-29 Chislehurst Road', 5),
(81, 'Casa de Nelly', '7E Vauxhall Grove', 2),
(82, 'Casa de Rubén', '3-9 Portobello Road', 9),
(83, 'Aula 3', '34-17 Alander Mews', 2),
(84, 'Punto de evangelismo', '8 Midcity Place', 5),
(85, 'Aula 1', '7 Buckfast Street', 9),
(86, 'Aula 2', '9 Abbeville Road', 6),
(87, 'Hotel Marqués De Valdecilla', '2 A-D Charterhouse Street', 3),
(88, 'Casa de Laura', '5 Glenhill Close', 5),
(89, 'Aula 2', '368 A-B Meath Crescent', 9),
(90, 'Punto de evangelismo', '11-27 Cedars Avenue', 7),
(91, 'Aula 1', '596 Northdown Street', 9),
(92, 'Aula 2', '2 Sing Way', 9),
(93, 'Parque de la Marga', '11-29 Stanhope Row', 9),
(94, 'Palacio De Exposiciones', '6 Abbeville Road', 7),
(95, 'Albergue El Retiro', '391E Warren Street', 7),
(96, 'Parque de la Marga', '297 Fitzroy Square', 3),
(97, 'Parque de la Marga', '7 Highgate Road', 5),
(98, 'Plaza del Ayuntamiento', '2-7 Elmbourne Road', 9),
(99, 'Salón Principal ', '1-9 Crucifix Lane', 5),
(100, 'Parque de la Marga', '3-6 Abercairn Road', 5),
(101, 'Aula 3', '5-6 Milson Road', 8),
(102, 'Aula 2', '88 Grange Road', 9),
(103, 'Plaza del Ayuntamiento', '35 Abbeville Road', 2),
(104, 'Punto de evangelismo', '9E Bloomsbury Street', 1),
(105, 'Aula 3', '2-9 Aberconway Road', 6),
(106, 'Plaza del Ayuntamiento', '4A Leicester Street', 6),
(107, 'Parque de la Marga', '32-19 Ash Court', 6),
(108, 'Albergue El Retiro', '54-39 Douglas Avenue', 6),
(109, 'Salón Principal ', '9 A-B Coleridge Road', 6),
(110, 'Aula 2', '14-39 Celtic Farm Way', 10),
(111, 'Albergue El Retiro', '1 A-C Risborough Street', 8),
(112, 'Aula 3', '93 Birdsfield Lane', 1),
(113, 'Plaza del Ayuntamiento', '4-8 Rushworth Street', 7),
(114, 'Plaza del Ayuntamiento', '33-16 Ballards Lane', 3),
(115, 'Palacio De Exposiciones', '7 Shelton Street', 5),
(116, 'Punto de evangelismo', '13-37 Strahan Road', 7),
(117, 'Aula 2', '6 A-D Kennington Park Place', 4),
(118, 'Albergue El Retiro', '5-6 Greenwich High Road', 5),
(119, 'Aula 2', '24A Abbotsbury Road', 1),
(120, 'Aula 3', '3 Crawford Street', 9);

-- 
-- Dumping data for table lineas
--
INSERT INTO lineas VALUES
(1, 'Verdadero Israel', 3, 0, 161),
(2, 'Más Que Vencedores', 3, 1, 248),
(3, 'Gloriosa Cruz', 3, 2, 72),
(4, 'Gracia y Verdad', 9, 3, 400),
(5, 'León De Judá', 8, 4, 121),
(6, 'León De Judá', 8, 5, 32),
(7, 'Jesús Redentor', 8, 6, 73),
(8, 'Rescatados Por SU Gracia', 6, 7, 352),
(9, 'Más Que Vencedores', 8, 8, 289),
(10, 'Conecta2', 1, 9, 33),
(11, 'Roca Firme', 7, 10, 74),
(12, 'Verdadero Israel', 10, 11, 34),
(13, 'Roca Firme', 2, 12, 390),
(14, 'Conecta2', 8, 13, 209),
(15, 'Rescatados Por SU Gracia', 10, 14, 249),
(16, 'Más Que Vencedores', 7, 15, 169),
(17, 'Redimi2', 3, 16, 290),
(18, 'Santos Redimidos', 4, 17, 210),
(19, 'Roca Firme', 3, 18, 353),
(20, 'La Obra Del Señor', 2, 19, 391),
(21, 'Rescatados Por SU Gracia', 8, 20, 354),
(22, 'Conecta2', 8, 21, 75),
(23, 'Jesús Redentor', 2, 22, 162),
(24, 'Verdadero Israel', 7, 23, 35),
(25, 'Verdadero Israel', 8, 24, 170),
(26, 'Santos Redimidos', 3, 25, 211),
(27, 'Más Que Vencedores', 10, 26, 392),
(28, 'Rescatados Por SU Gracia', 8, 27, 122),
(29, 'Más Que Vencedores', 10, 28, 171),
(30, 'Conecta2', 10, 29, 76);

-- 
-- Dumping data for table celulas
--
INSERT INTO celulas VALUES
(1, 'Monte Santo', 396, 13, 3),
(2, 'Cordero De Dios', 144, 19, 7),
(3, 'Monte Santo', 226, 22, 21),
(4, 'Palabra de Vida', 83, 8, 9),
(5, 'El Salvador', 28, 12, 8),
(6, 'Monte Hermón', 105, 3, 13),
(7, 'Monte Santo', 323, 4, 74),
(8, 'Adonai', 85, 4, 115),
(9, 'Monte Hermón', 96, 19, 2),
(10, 'Alfa y Omega', 182, 21, 91),
(11, 'Judá', 289, 28, 91),
(12, 'Dios Sin Límites', 163, 6, 113),
(13, 'Miel San Marcos', 158, 27, 16),
(14, 'Torre Fuerte', 278, 6, 39),
(15, 'El Buen Pastor', 57, 20, 92),
(16, 'Berea', 73, 9, 97),
(17, 'Dios Altísimo', 397, 29, 29),
(18, 'Cristo Redentor', 76, 14, 16),
(19, 'Rafá', 232, 21, 65),
(20, 'Torre Fuerte', 88, 12, 117),
(21, 'Monte Hermón', 149, 1, 1),
(22, 'Berea', 78, 23, 7),
(23, 'Efraín', 287, 5, 52),
(24, 'Jehová Jireh', 313, 4, 111),
(25, 'Jehová Jireh', 182, 12, 115),
(26, 'Rafá', 175, 7, 10),
(27, 'Adonai', 99, 24, 69),
(28, 'Rafá', 106, 24, 11),
(29, 'Cristo Redentor', 354, 5, 32),
(30, 'Berea', 156, 12, 117),
(31, 'Río de Agua Viva', 320, 6, 12),
(32, 'Río de Agua Viva', 51, 25, 59),
(33, 'Alfa y Omega', 44, 15, 78),
(34, 'El-Shaddai', 212, 24, 101),
(35, 'Efraín', 104, 18, 75),
(36, 'Palabra de Vida', 287, 24, 112),
(37, 'Río de Agua Viva', 295, 11, 94),
(38, 'La Gracia', 104, 23, 17),
(39, 'Adonai', 131, 19, 64),
(40, 'La Gracia', 320, 27, 63),
(41, 'Torre Fuerte', 94, 3, 104),
(42, 'Jehová Jireh', 101, 29, 4),
(43, 'Peniel', 27, 24, 45),
(44, 'Berea', 40, 27, 30),
(45, 'Palabra de Vida', 387, 30, 20),
(46, 'El Buen Pastor', 81, 3, 120),
(47, 'Getsemaní', 75, 20, 58),
(48, 'Peniel', 164, 6, 107),
(49, 'Jehová Jireh', 36, 27, 119),
(50, 'Río de Agua Viva', 162, 16, 114),
(51, 'Logos Divino', 382, 15, 16),
(52, 'Palabra de Vida', 322, 16, 55),
(53, 'Peniel', 101, 17, 17),
(54, 'Efraín', 28, 30, 9),
(55, 'Palabra de Vida', 133, 17, 22),
(56, 'Palabra de Vida', 327, 14, 32),
(57, 'Dios Sin Límites', 155, 29, 47),
(58, 'Miel San Marcos', 193, 30, 27),
(59, 'Judá', 62, 5, 32),
(60, 'Alfa y Omega', 75, 3, 24),
(61, 'Peniel', 158, 28, 106),
(62, 'Miel San Marcos', 375, 9, 18),
(63, 'Cordero De Dios', 360, 15, 23),
(64, 'Peniel', 194, 10, 106),
(65, 'Monte Santo', 326, 16, 35),
(66, 'Dios Altísimo', 214, 13, 77),
(67, 'Alfa y Omega', 154, 19, 80),
(68, 'El Salvador', 235, 24, 53),
(69, 'Getsemaní', 9, 17, 42),
(70, 'Miel San Marcos', 166, 9, 12),
(71, 'Monte Santo', 118, 15, 25),
(72, 'Río de Agua Viva', 258, 30, 23),
(73, 'Peniel', 263, 17, 72),
(74, 'Rafá', 295, 19, 19),
(75, 'Cristo Redentor', 115, 24, 42),
(76, 'Peniel', 354, 2, 118),
(77, 'Miel San Marcos', 384, 27, 110),
(78, 'Alfa y Omega', 100, 3, 78),
(79, 'Miel San Marcos', 389, 23, 118),
(80, 'Monte Hermón', 383, 4, 26),
(81, 'La Gracia', 170, 23, 49),
(82, 'Cristo Redentor', 328, 29, 61),
(83, 'Cordero De Dios', 295, 7, 32),
(84, 'El-Shaddai', 112, 11, 54),
(85, 'Monte Santo', 27, 7, 16),
(86, 'La Gracia', 184, 26, 85),
(87, 'Río de Agua Viva', 65, 1, 33),
(88, 'Monte Santo', 380, 29, 106),
(89, 'Río de Agua Viva', 234, 13, 119),
(90, 'Getsemaní', 75, 4, 85);

-- 
-- Dumping data for table actividades
--
INSERT INTO actividades VALUES
(1, 'Célula', '1971-03-09', '00:07:13', 'Impedit consequatur dicta, quibusdam odio velit eveniet consectetur id unde. Qui illum omnis sunt est harum qui possimus error ut. Sapiente minima perspiciatis, cumque molestias vitae quasi doloremque qui asperiores? Nostrum pariatur, debitis dolore porro enim architecto et ipsa ut. Iusto beatae aut ut molestias amet provident et non sapiente. Blanditiis necessitatibus accusantium, laboriosam error delectus est iste atque unde. Est illum at ut quasi voluptatem unde, enim vero culpa...\r\nDoloribus quos deleniti, quis quasi sapiente voluptas blanditiis non perspiciatis. Exercitationem laudantium quia eos suscipit eos vel perspiciatis quo laborum. Nihil aut, vero sed dolor ut omnis minus nihil dolor.\r\nExercitationem ex et voluptas iste totam ea exercitationem corporis eum. Voluptatem itaque aut qui dignissimos distinctio sit laudantium vero ut? Eos dolor sunt vel dolorum dolore ea esse velit corporis. Et labore perspiciatis sed hic perspiciatis cum laudantium quia dolor. Ut et, aliquam minima enim soluta hic aut nihil voluptatem. Adipisci dolorum delectus sit nobis iste est dolorem in ut. Debitis laudantium autem omnis explicabo, hic adipisci sunt consectetur voluptatem.', 432.66, 3.56, 39, 4, 153, '1970-01-04', 7, 22),
(2, 'Evangelismo', '2005-06-15', '03:55:09', 'Qui enim officiis molestias placeat a sunt hic, sed aspernatur. Aut sequi ea molestiae et laborum consequuntur, est velit possimus...', 926.82, 400.99, 54, 10, 123, '1979-07-25', 8, 11),
(3, 'Culto Oración ', '1998-06-12', '20:57:11', 'Aperiam dicta eius id, quibusdam voluptatem soluta ex quo nesciunt. Quibusdam aut voluptatem officiis similique quas officiis consequatur autem exercitationem. Voluptates qui molestiae maxime, nam eaque quisquam animi explicabo aut.\r\nQuasi doloribus dolores odit consequatur quia harum totam a sint. Et quia aspernatur earum quis et rerum in natus voluptatem! Nobis nostrum voluptatem, et eum vero adipisci enim unde vel. Incidunt illum qui est nemo molestiae laudantium dolores minima odit! Repellendus quia non, porro laudantium quibusdam aliquam exercitationem vel reprehenderit. Adipisci unde sint modi aliquid omnis, adipisci ducimus explicabo veniam; quam ullam eos dignissimos doloribus quia aut asperiores sit est? In iure id in voluptatem ut asperiores eos, placeat beatae. Natus reiciendis quo vel inventore cumque quis est unde deleniti.', 815.04, 7.46, 66, 1, 18, '1970-01-08', 27, 37),
(4, 'Megacélula', '2015-11-16', '09:13:41', 'Delectus vel minus ad earum consectetur unde labore ut possimus. Dolor molestias itaque minima error sit et ut, iste nemo. Sit voluptas beatae facilis, consectetur autem ea quam et aliquid. Laborum voluptas ut perspiciatis esse aspernatur facilis est reprehenderit corrupti. Aliquid corrupti aliquid et veniam itaque nam et est ut. Autem consectetur fugiat, in autem nemo dolores non nemo consequatur? Laborum laboriosam modi impedit non suscipit rerum veniam et incidunt! Sapiente molestias modi distinctio voluptatem est rem aliquid pariatur non.', 190.34, 1425.01, 72, 8, 42, '2005-04-03', 25, 12),
(5, 'Reunión Ministerio', '1972-10-03', '17:04:29', 'Qui porro, voluptatibus velit ut non repellat voluptatem hic obcaecati. Id est et velit praesentium earum consequatur incidunt sit soluta! Distinctio quia est velit qui quia quam nisi omnis eveniet. Aspernatur ut iusto sed dolor est optio totam pariatur ex.\r\nError incidunt, aut quas optio et amet voluptas labore et. Neque quas, expedita eos minus cumque sed ut omnis quam! Nesciunt ducimus, velit ad sed aut ut ea labore harum. Quia ipsum suscipit quia minima excepturi explicabo sunt non voluptas? Et id dolorem quaerat quia assumenda vero voluptates quia ipsam. Dolores aliquam, incidunt velit quae accusantium odit distinctio quia aperiam. Qui omnis harum beatae est placeat et non dolor sint. Fugiat ut tempore necessitatibus labore non aspernatur quis voluptatem commodi...\r\nLaudantium ullam accusantium natus expedita veniam atque architecto temporibus velit. Cumque ut voluptates doloribus totam corrupti aut molestiae corporis vel. Velit itaque qui mollitia nostrum tenetur quia ut doloribus maiores. Neque beatae expedita dicta deserunt error incidunt, sit aliquid sit! Sed ratione ullam, dolor ut dolores aliquid voluptatem consectetur blanditiis. Voluptatem qui reiciendis unde necessitatibus ut quae et dolore odit; est odio repellendus nemo ullam error tempora ratione voluptatem dolorem. Quia facilis reiciendis dolorem cum voluptatem eos fuga hic voluptatibus. Et aut aperiam unde mollitia quo non omnis dolore ea.', 1504.81, 1484.49, 53, 4, 20, '2021-10-01', 1, 89),
(6, 'Culto Oración ', '1995-06-09', '01:35:45', 'Error sed facilis sed qui enim vel eaque dolore et. Modi eaque eum perspiciatis quo quia est omnis dolore odio. Omnis beatae aliquid autem vel recusandae quisquam reprehenderit perspiciatis architecto.', 1546.92, 623.31, 39, 4, 396, '1985-07-18', 28, 40),
(7, 'Megacélula', '2012-06-20', '11:08:09', 'Eum alias doloremque, laboriosam sed quisquam non sit voluptatem quo. Impedit sed debitis sed dignissimos, ad et vel qui ipsum! Et cumque nobis sed voluptate itaque libero odit omnis aut. Similique voluptatem dicta odit ut et animi assumenda in sequi? Sequi in, ut non qui voluptatem velit corporis voluptas corporis! Mollitia debitis, quisquam nisi qui voluptatibus fugit nobis aut eos. Non est in consequatur illo ipsum numquam necessitatibus tempora totam. Ut quas commodi possimus laboriosam distinctio quia sit minus quasi? Quaerat consequatur expedita distinctio laborum veritatis aut natus harum sint.\r\nEum ut unde minima et ratione saepe a porro dolor. Vel et, sint aut voluptatem soluta ut quisquam quis dolorum. Voluptatem maxime qui et aperiam doloribus maxime dolorem quos vero! Dolor et, nihil molestias impedit facere quod et quo error. Molestiae sint asperiores voluptate nulla ut rerum aut voluptatem repellat; natus aut quo numquam voluptatem molestiae unde magni illo rerum. Vel fugit iste commodi aut sint ut distinctio labore officiis.', 303.26, 1484.88, 1, 3, 130, '2020-08-11', 21, 76),
(8, 'Taller Evangelismo', '2006-08-19', '02:17:06', 'Earum numquam natus et repudiandae nam voluptas omnis laborum natus. Corporis perspiciatis doloremque, sed reprehenderit et tempore quia saepe vitae. Nobis perspiciatis, ea culpa ratione omnis qui in quia sit.\r\nIpsam itaque debitis quibusdam libero sit illum eius molestiae dolores. Sed maxime illo iste debitis vel ducimus, est autem voluptas. Labore ea nam doloremque voluptatem ut non consequatur et dolor? Omnis aut dolorum quia et alias est incidunt et deserunt!', 815.06, 1444.52, 10, 9, 68, '2012-05-05', 3, 8),
(9, 'Clase Consejería Prá', '1970-03-05', '00:01:04', 'Nostrum perspiciatis qui nostrum ut vitae sapiente quia sunt voluptas. Aperiam cumque, maxime amet autem et minus iste non dicta. Saepe non vero perspiciatis suscipit dolores inventore qui quis cum. Vel impedit explicabo esse aspernatur eaque quisquam itaque iste ea. Praesentium et omnis pariatur hic sit eum ullam eius perferendis; dolores autem voluptas perferendis qui in aut atque accusamus voluptatem. Omnis iusto sed molestiae exercitationem blanditiis similique qui voluptatum sit. Autem dolore, temporibus magni a consequatur voluptate doloremque quia in; ut adipisci dolorem aliquid in sit, et nesciunt sed dolor.\r\nAut rem sit et consequuntur ut sed et optio impedit. Adipisci enim ex beatae nesciunt ut, nam excepturi iure aut; ipsum accusamus eum ad omnis provident recusandae blanditiis nobis et. Consequatur doloremque temporibus facilis velit, natus voluptatum amet minus et; commodi temporibus voluptatem eveniet sed repellendus alias possimus inventore consectetur. Nihil ut iste sapiente maiores omnis et, ut est iusto.\r\nMagnam commodi ullam harum velit voluptatem distinctio nesciunt velit provident.', 63.55, 1630.02, 66, 2, 169, '2023-09-23', 12, 37),
(10, 'Culto Misionero ', '1992-10-14', '13:49:58', 'Et incidunt fugit quos veniam magni fugit qui vitae nesciunt; error perspiciatis, ipsam aperiam ipsa sit nobis velit omnis repellendus. Nobis sunt eius voluptas unde voluptatum ut blanditiis, perferendis esse. Ab iste enim possimus optio unde, consequatur iure natus accusantium. Illo explicabo perspiciatis placeat omnis aut similique et, rem voluptatibus. Pariatur sed, voluptatibus fugit nisi et aperiam aut labore neque? Nemo delectus ad nihil, consectetur omnis quisquam amet nihil aut!\r\nVoluptatem ex et voluptas error quia consequatur quia hic quaerat. Quo neque expedita et iste ab consectetur eveniet natus exercitationem.\r\nUt veritatis eos illo autem recusandae vel deleniti perspiciatis dolore; dolorem voluptatum unde assumenda ut placeat fugit porro sit quia. Incidunt maxime recusandae amet voluptatem numquam quia adipisci ut ab.', 1281.26, 327.53, 56, 10, 347, '2014-06-29', 21, 46),
(11, 'Venta de comida', '1973-01-04', '19:21:27', 'Sit dolore unde voluptatem recusandae libero quos et molestiae incidunt. Error corrupti repellendus ut aliquam sit illum omnis consequatur omnis. Molestias quia, perspiciatis delectus alias distinctio non architecto soluta et. Iste pariatur perspiciatis, provident ad sed consequatur quia architecto alias. Quo saepe omnis obcaecati natus soluta suscipit quasi omnis veritatis.', 1270.22, 638.81, 73, 8, 89, '1971-10-01', 14, 78),
(12, 'Reunión Ministerio', '1970-01-05', '00:00:05', 'Nostrum neque eum dicta, ut accusamus voluptatem dolores doloribus ut. Est culpa dicta minima ex quia amet expedita omnis dignissimos. Iste tempora aut laborum inventore repellendus vero iste ad ea. Dolore qui laborum at debitis provident eos aspernatur eius dolorum. Nam facere consectetur quidem velit vitae eos quia voluptatem et. Veniam voluptatem voluptas quibusdam porro ea, recusandae sit ut rerum; consequatur porro aut impedit maiores sit ut officiis ipsum libero. In sunt sit fugiat error odio quis qui dolores aperiam. Architecto quo explicabo aut quae mollitia numquam eum natus enim. Repellendus consequatur autem, sit omnis beatae deleniti iusto similique blanditiis!', 4.29, 991.43, 50, 4, 3, '1979-04-23', 27, 76),
(13, 'Venta de comida', '2013-05-13', '16:30:18', 'Facere nemo minima repellendus esse atque nulla sapiente deserunt ut. Quidem qui eaque a provident temporibus repellat animi est qui; facere aut impedit vero molestias rem, natus quaerat officiis aut; sit velit sit dolor quo commodi odio est illum accusantium. Tenetur est, qui voluptatem iste neque minima possimus ut et!\r\nIste provident velit est accusamus officia mollitia animi est provident. Saepe adipisci sed veniam assumenda aut, eos nam consectetur voluptas! Enim recusandae et repudiandae atque deserunt expedita sint temporibus in. Ab quia ex voluptatem ipsam ut quis incidunt corporis ex? Sunt ipsa consequatur autem ipsam consequatur ea iste doloremque recusandae. Natus aspernatur ut ea veritatis nihil inventore ea quia fugiat. Dolor maxime laborum dignissimos, sunt ea voluptatem est aut qui!\r\nNatus et quae consequuntur nulla cum corrupti, nemo doloribus facere; quia neque voluptas iste molestias dicta similique quos facilis sint. Ratione corporis rem corrupti tempore nemo ipsum dicta aliquam vel. Eum ad delectus quos consectetur impedit fuga dolores qui adipisci! Velit suscipit quibusdam eum iste et laboriosam ratione aliquam neque. Earum in, accusamus delectus sed rem perspiciatis rerum est ea. Totam et eveniet architecto quia, eveniet totam facere molestiae aut. At inventore quo ex minus natus unde et omnis quis!', 1094.92, 4.75, 119, 1, 127, '1994-10-20', 8, 13),
(14, 'Reunión Ministerio', '1970-01-01', '00:00:01', 'Natus est doloribus perspiciatis sit consequuntur perspiciatis et unde quia.\r\nVoluptatibus voluptas vel blanditiis laborum tenetur delectus aliquid perferendis unde. Sit vel ut quo quia omnis sed assumenda earum numquam? Nihil amet voluptatem repellendus debitis ab mollitia ut et eum. Mollitia suscipit voluptatem enim eligendi eos sequi modi facilis natus. Impedit adipisci, velit quam aut quae placeat sunt quo et. Est quia consectetur rerum ut similique ratione qui ipsa quaerat. Totam quia sint est ea officiis molestiae quis hic tempore. Id deleniti voluptas sit veritatis perspiciatis reprehenderit natus vel explicabo. Aperiam odit repellendus accusantium sed sunt aperiam dolor voluptatem tempore.\r\nDebitis hic totam aut nobis voluptate eum, est doloribus sit. Error aut veritatis ea unde quia explicabo voluptatem ut est. Inventore et dolorem neque voluptas doloribus maxime possimus facere explicabo. Magni dolorum eum et recusandae, beatae veritatis reprehenderit deserunt exercitationem; quia eos id culpa incidunt placeat praesentium, natus sapiente perspiciatis. Adipisci esse aspernatur molestiae praesentium ut et commodi consequatur tempora! Odit error quod sint et accusamus quis magni, pariatur harum? Aut et doloribus non sunt numquam, suscipit quos excepturi soluta. Inventore voluptas omnis obcaecati vel adipisci voluptatem aut non eum; inventore voluptatem cum corrupti a dolor unde aut perspiciatis est.', 0.94, 1546.33, 44, 7, 161, '1970-03-07', 11, 70),
(15, 'Reunión Ministerio', '2012-01-10', '09:24:26', 'Voluptatem eos nulla, voluptatibus odio dolores facere ipsa adipisci molestiae. Quia ut veniam praesentium cum minima minus consequatur ut natus. Saepe voluptas nobis ea nam voluptate nihil et dolor ad. Et eum voluptatem culpa veniam debitis dolores magnam amet voluptatem; et consequatur rerum et, ut beatae magni quia molestiae placeat; ut expedita veritatis quis voluptas amet sint et illo voluptatem. Beatae ut hic veniam, et aliquam tempora eius ullam natus? Unde quia eum aut quo beatae culpa ipsa accusamus sed. Maxime eligendi autem, in modi nam cum aut vel suscipit. Rerum doloribus voluptatem voluptate illum veniam enim alias aut enim.\r\nDolores aut deleniti est quis officia fuga vero et ipsam. Tenetur alias nisi ut aliquam et quidem mollitia velit nulla! Corrupti sint sit aut perspiciatis amet soluta assumenda eveniet molestiae. Perspiciatis est amet tempora quas atque est fuga qui sint! Natus asperiores pariatur aut sapiente et quia saepe eius quia. Consequatur ut aliquid nisi, laboriosam incidunt error rerum est nihil.\r\nQui asperiores veritatis cumque, error nihil vitae facilis expedita odit. Cupiditate vitae error consequatur quam non iusto voluptatem enim voluptas! Quia blanditiis explicabo quidem eum, veritatis neque atque cupiditate ipsam. Consequatur enim voluptatem non iure est aut ullam unde labore; vero voluptate magni qui error sed consequuntur molestiae, quia fugit. Error minima numquam dolores accusamus molestias eveniet iste aliquam ipsam. Perspiciatis dolores voluptatem est eum totam quod necessitatibus debitis ipsum. Quae exercitationem iste iure quia eos illum id omnis inventore. Voluptatem velit et, eos quo repellendus quo iste eum quia? Aut tenetur labore voluptas voluptatem rerum, qui rerum aut esse...', 6.21, 1870.17, 64, 9, 60, '1971-02-19', 12, 23),
(16, 'Megacélula', '1983-11-30', '00:01:14', 'Asperiores natus consectetur qui molestias aliquam quia autem eos culpa. Quo et quae ut aspernatur ipsum, magni mollitia hic eos. Deserunt sit incidunt natus impedit repellat enim error voluptatum doloribus.\r\nDolor ut aut repellendus velit mollitia aliquid cumque quae iste. Unde cupiditate reprehenderit iure nesciunt odit ex inventore fuga aspernatur.', 1117.12, 1875.94, 25, 3, 369, '1972-04-09', 23, 37),
(17, 'Evangelismo', '1992-09-05', '00:42:37', 'Dolor ea et quo dolores quam consequatur sed consequatur provident...\r\nVeritatis blanditiis dolor nihil fuga adipisci quo odio quos dolores. Autem illum, velit error voluptas ipsam officia numquam iusto ut? Enim voluptatem et ut dolor ea dolor et eaque dolore. Maiores rerum vel id, necessitatibus voluptas illo consequuntur perspiciatis voluptatem; repudiandae mollitia omnis unde quos voluptas rerum quis totam nisi. Dicta sed quod vitae rerum repudiandae voluptatem ducimus aliquid enim...\r\nQui eaque error minus iste ullam in distinctio quasi nulla.', 620.99, 488.88, 70, 6, 102, '1970-01-25', 25, 73),
(18, 'Reunión Ministerio', '1972-07-30', '00:15:42', 'Cupiditate tenetur iste voluptas consequuntur veniam sequi maiores totam quae. Ut voluptatem nesciunt omnis natus laudantium et iste aut quia? Unde dignissimos voluptatem atque sit ab ut quod aut delectus. Ipsa et, sit qui rerum necessitatibus magni et in perferendis. Officiis sed quis ad sint necessitatibus itaque est unde itaque; omnis tempora labore amet dolor aliquam praesentium quod rerum ut? Molestias debitis iste dicta quae consequuntur aliquam culpa omnis neque. Et molestiae ut, quia autem doloremque asperiores deserunt molestias id...\r\nAt rerum vel ab at aut ratione facilis non reiciendis.', 941.65, 1879.36, 16, 8, 134, '1977-07-16', 24, 68),
(19, 'Reunión Ministerio', '1982-01-16', '02:59:27', 'Natus eaque error est et unde consequatur obcaecati, natus enim. Adipisci aliquid et quia unde vitae et consectetur architecto laudantium. Laboriosam doloremque neque sit vero saepe enim natus dolores at. Dolor itaque fugiat modi eveniet omnis dolorem est ut aut. Fugit explicabo error fugiat, quo commodi qui non error quaerat! Ab quidem exercitationem ipsam iure dolores ut dolorem doloremque quas. Dolores magnam recusandae, optio obcaecati exercitationem delectus sed ut iste!', 859.26, 1746.78, 86, 3, 79, '1998-03-19', 23, 82),
(20, 'Reunión Pastoral', '1970-03-24', '00:01:23', 'Voluptatem porro sed tempora sint ea dignissimos et porro animi.\r\nSed nesciunt, sit explicabo hic veritatis itaque deserunt dolores pariatur. Sit dolorem et ut natus, asperiores hic error tempore unde.', 82.94, 842.96, 96, 3, 124, '1979-06-16', 3, 45),
(21, 'Taller Sanidad Inter', '1988-10-23', '01:48:16', 'Nam recusandae, unde tempora dolore maiores non tenetur omnis harum.', 517.92, 417.57, 104, 8, 314, '1991-03-20', 14, 31),
(22, 'Evangelismo', '1991-10-03', '18:24:43', 'Corrupti dicta labore quis, animi totam et tenetur aperiam animi. Perspiciatis corporis, error qui distinctio et eos iste perspiciatis corporis. Provident asperiores quo aut dicta eum natus dolorem eos omnis! Eos enim maiores cumque quia corrupti totam sunt voluptatem iste? Pariatur saepe rerum ipsam et alias sit, molestiae consequuntur iste. Ea omnis qui doloribus qui repellendus vel ut sed consequatur. Voluptatem minus sed dolores ratione earum mollitia consequatur laboriosam veniam. Ut est perspiciatis aperiam omnis ipsa veritatis molestias enim quia.\r\nEst voluptatibus minima ea in impedit labore ipsam omnis nulla. Sapiente est incidunt enim suscipit sunt atque tempora qui sit.\r\nReiciendis maxime nobis laboriosam laudantium eum veniam magnam perferendis laborum. Reprehenderit ea nulla iste tempore earum architecto tempore voluptate ipsa. Sed numquam voluptatem debitis ut aut veritatis aut doloribus ea; ut eum sit iste soluta consequatur quia quos error ea. Vel deserunt deleniti ipsum enim et, ea laboriosam id sapiente! Fugit ad, voluptatem necessitatibus enim ut vel ut in et. Omnis alias voluptatem harum ullam atque cumque vel quas sit.', 117.48, 834.37, 29, 2, 110, '1987-11-09', 12, 26),
(23, 'Célula', '2008-10-11', '01:56:17', 'Odio natus magni ea ipsum aspernatur ut omnis eos et. Ut inventore, aut voluptatem unde tenetur eum reiciendis ut ex.\r\nSit natus nulla qui totam sunt nesciunt magnam sed commodi. Nihil veritatis voluptatum est sed soluta quibusdam ea eaque sed. Voluptatem consectetur rerum, fugit ipsam doloremque repellendus atque ut quia! Est ipsum dolore consequuntur numquam, voluptatem quia cupiditate eum voluptatem. Nihil alias, soluta est enim sed inventore nemo nisi et. Vel omnis laborum sunt quos autem minus delectus perspiciatis aut! Dolor qui, laboriosam deleniti quis excepturi perferendis atque odio ut. Aut ut fuga eum adipisci tempora nisi similique assumenda et. Doloribus quia est consequatur tempora beatae neque aliquid officia eum. Aut sed, tenetur eligendi in voluptatem beatae harum esse atque!', 235.83, 1380.74, 23, 6, 283, '1993-12-11', 12, 78),
(24, 'Clase Caminando Con ', '2017-04-11', '15:53:50', 'Fuga tenetur accusamus omnis incidunt voluptas repellat natus minus consequatur. Voluptatem id sed eum temporibus maiores mollitia voluptatem fugit voluptatem? Commodi non, libero et possimus nisi quisquam possimus voluptas reiciendis. Officia magni, dolorem vero veritatis excepturi quaerat repudiandae dolores non! Et ea et id omnis natus nesciunt commodi asperiores dolorem; natus nulla, provident aut debitis similique corporis est tempora ullam? Non temporibus laborum rerum qui libero qui quae odit saepe! Enim ad, delectus nihil omnis praesentium non deserunt consequuntur modi. Et quasi est sint ab unde aut neque blanditiis necessitatibus; facere molestiae est aut ut laboriosam incidunt blanditiis perspiciatis natus.\r\nQuis quia totam sed doloremque veniam et consequatur culpa vel.', 925.30, 971.99, 110, 7, 12, '1977-05-31', 13, 2),
(25, 'Clase Consejería Prá', '1970-11-09', '00:05:13', 'Pariatur voluptatem et, in reiciendis quia rerum error nemo voluptas.', 312.51, 1501.45, 80, 3, 15, '1970-01-10', 7, 64),
(26, 'Venta de comida', '2021-08-27', '13:56:39', 'Adipisci nihil facilis quia dolorem temporibus natus voluptatem non et; exercitationem perspiciatis, vitae minus quae rerum eum debitis libero optio. Ipsum dolore iure ullam, repellendus omnis illum harum aut rem! Officiis voluptas iste quia aut perspiciatis quidem iste quam earum. Placeat assumenda quae sit quo consequuntur voluptatem aperiam error id! Et distinctio et ipsam asperiores, voluptas aspernatur exercitationem unde sapiente. Distinctio deserunt sint dignissimos natus assumenda sed consectetur dolore voluptas.\r\nAdipisci dolor aut sit culpa et perspiciatis laboriosam sequi iste. Omnis libero qui quo corrupti ipsa deleniti, harum et beatae. In aut rerum eveniet nulla reiciendis voluptatem exercitationem et non.', 1644.08, 1308.98, 28, 6, 234, '2001-07-22', 13, 17),
(27, 'Megacélula', '1981-12-13', '17:04:14', 'Accusantium ex culpa architecto odit natus aliquid ut laboriosam consequatur. Fuga est et ab, porro aperiam unde dolor molestiae hic? Aut quae, non dolorem hic officia deserunt id alias sed. Ut magni ab et voluptatem qui eveniet dolor dolorem est! Omnis error sit nostrum cupiditate, inventore aliquid facere ut consequatur. At est numquam a magnam laborum, laboriosam sit beatae architecto. Fugit sed nulla voluptatibus natus sunt soluta atque, quae dolor.\r\nMinima qui nemo repudiandae sit aspernatur alias vitae ut alias. Magnam molestias perspiciatis sed, quis dolorum est ex repellat facilis. Ut voluptas est sit adipisci quis accusamus debitis dolore accusantium! Non voluptates laboriosam corporis sed, qui totam blanditiis quia sit. Soluta ipsa quia cum et ex, officiis eum magni enim! Error praesentium porro sit, tempora sed quidem at ad dolores.', 662.00, 288.42, 14, 1, 332, '1978-07-09', 11, 84),
(28, 'Reunión Ministerio', '1970-03-29', '00:01:28', 'Id et error aut error totam quia cupiditate iste voluptatem. Quia voluptas, est qui et natus veritatis voluptatem officia quaerat. Eveniet et vitae velit, voluptatibus saepe qui ea temporibus at? Id vel ipsa ratione vel temporibus obcaecati consequuntur non molestias. Commodi eos ipsam laudantium neque sit nam molestias consequatur autem. Repellat assumenda, error explicabo qui modi doloribus aut sed nesciunt. Iure rerum quasi voluptatibus voluptatem illo voluptatem perspiciatis, quidem cum. Qui aliquam ut nihil dolore sit asperiores ut aut ut.', 87.51, 1553.16, 69, 7, 120, '1990-03-06', 10, 75),
(29, 'Evangelismo', '2017-04-03', '17:32:19', 'Sed saepe deserunt aut id delectus et laudantium atque error. Qui libero, laudantium esse adipisci sed provident quis dolor quidem. Odit cupiditate recusandae rem nobis corporis debitis voluptatem et natus? Rem veritatis natus dolorem sed eveniet qui est non ad. Asperiores excepturi repellat quia ea molestias iste velit praesentium unde. Culpa ut numquam voluptatum eaque dignissimos in modi iste omnis. Eligendi facere accusantium omnis minus enim voluptas natus aut suscipit. Tempore est laboriosam ut eum incidunt aspernatur fuga architecto et! Omnis iste voluptatem omnis voluptas eius consequuntur voluptas eveniet et.', 1810.24, 867.91, 23, 7, 184, '2014-04-03', 27, 52),
(30, 'Reunión Pastoral', '1970-04-08', '00:01:38', 'Sint vel qui perspiciatis temporibus dicta minus et vitae et.\r\nDolorem accusamus placeat sit perspiciatis est consequatur laboriosam voluptatem sed. Omnis non, eligendi mollitia architecto veniam omnis eius ea porro. Quia placeat illum ut pariatur quas voluptatem, est sit qui.', 97.37, 168.91, 57, 2, 86, '1987-10-29', 27, 11),
(31, 'Clase Biblia', '2003-01-15', '16:53:06', 'Ut natus aut asperiores sit tempora et, consequuntur autem quidem. Voluptatem similique rerum error et, est voluptatem eos illo iste. Iste quasi et sunt sint voluptatem error ipsam vel eligendi. Aperiam laborum et dolor reiciendis blanditiis voluptate neque sed est! Esse voluptatem atque commodi, voluptates molestias nam error qui earum. Sed ut recusandae dolor omnis qui rem unde voluptate qui.\r\nIllum nostrum consequuntur sunt, id repudiandae natus minus a quisquam. In eius praesentium quibusdam ea et ut cum commodi aut? Dolore fugit commodi natus veniam et explicabo voluptatem non quibusdam. Eligendi iure vero ipsum assumenda aperiam est sunt sit laboriosam! Ut quidem dolore aut nemo praesentium deleniti fugiat et tenetur. Nesciunt quam harum tempora error, fugiat facere velit harum blanditiis. Maxime est laudantium excepturi ut officia ullam architecto eaque et.\r\nQuis voluptatem unde iusto saepe et quod aut officiis id. Autem quis natus a qui cupiditate qui sit voluptates veritatis.', 1639.85, 1964.22, 83, 5, 5, '1970-01-04', 3, 22),
(32, 'Evangelismo', '1982-02-23', '05:18:26', 'Eos omnis et omnis, similique magnam voluptas quod adipisci quia.\r\nMagni pariatur explicabo nostrum sint ducimus sit deleniti nesciunt velit. Perferendis et unde non repellat maiores ut culpa natus dolores; rerum assumenda error ab quam totam debitis amet quia minus. Explicabo sit illum quaerat voluptatibus veniam mollitia voluptatem quibusdam consectetur! Consequatur quisquam cumque sed officiis dolorem optio quisquam labore quisquam. Sapiente consequuntur, ipsum qui hic quo omnis ut optio repellendus? Non optio nam, reprehenderit quae perferendis inventore explicabo aut et. Molestiae consequatur nam odit quae molestiae quisquam quo quam ratione. Sequi eligendi qui iste tenetur sint tempore unde vero dolorem!\r\nDelectus nihil dolorem eius pariatur voluptas et similique dolor voluptatum. Ipsa iste magni libero qui aliquid iste adipisci quo corrupti. Id tempora laboriosam et optio, molestiae dignissimos sed nemo quas. Repudiandae repellendus necessitatibus eos dignissimos minima suscipit corporis omnis non? Qui illum ut suscipit et reprehenderit sit cupiditate distinctio dignissimos. Est quos maxime id mollitia qui aut natus repudiandae voluptates. Soluta dolores eos dolore unde cupiditate dolores molestiae excepturi aliquid. Sunt dolor aut dolore nulla soluta eos totam odit harum.', 1600.96, 5.21, 50, 10, 366, '2018-09-20', 26, 44),
(33, 'Taller Sanidad Inter', '1971-01-03', '22:59:39', 'Magni sequi minima rem laudantium minima velit omnis iure ipsam. Deserunt eveniet veritatis consequatur necessitatibus maxime ipsum recusandae maxime et? Adipisci quos unde repellat omnis quo dolorem voluptatem minus quidem.\r\nQuibusdam velit explicabo dolore odio, sed alias enim sit ex...\r\nExercitationem id et in, facilis minus dignissimos facilis voluptates quis. Deserunt non recusandae dolor, consequatur sit omnis rem amet omnis! Saepe perferendis molestias et sed recusandae laborum quaerat enim cupiditate. Harum officia vitae sunt dolorem adipisci sunt et ut provident; eaque molestias, sit fugiat eos cupiditate beatae soluta beatae enim. Excepturi aspernatur accusamus saepe omnis sint ut esse sed inventore. Autem aperiam ut iste aut nemo tenetur ut est doloribus! Omnis id tempore nihil in voluptates voluptas rerum veniam ut. Dolor voluptas error numquam veritatis tempore sit beatae eos dolorem? Voluptatem consequatur est ea excepturi magni recusandae alias consequatur ducimus!', 1798.35, 348.25, 45, 3, 308, '1972-09-17', 9, 17),
(34, 'Taller Evangelismo', '1979-11-27', '01:00:18', 'Id nostrum ea et omnis in commodi ut magni est. Voluptas dolorem omnis culpa commodi sed itaque, distinctio aut qui. Omnis architecto illo aut placeat rerum necessitatibus libero, doloribus odio! Rerum consequatur non quisquam et sint, corrupti error doloribus necessitatibus.\r\nConsequuntur enim asperiores quo eveniet aut omnis nihil amet aperiam. Voluptatem nesciunt, ea vitae rerum et voluptatum aut libero tempore. Praesentium beatae, pariatur nulla qui aut repudiandae id voluptates magnam. Animi dolore eligendi labore, impedit incidunt atque ut ab unde. Impedit et doloremque vitae fugit odit officia commodi laudantium et! Consequatur iste facilis sed, illum assumenda omnis iste dolorem beatae. Tenetur distinctio repudiandae dolore sed earum adipisci amet, sit ut? Aspernatur natus voluptas debitis asperiores quia, laudantium dolor qui at. Consequuntur est voluptatem labore deleniti totam debitis voluptatem ut et!', 1995.50, 649.35, 96, 5, 394, '1992-05-14', 28, 19),
(35, 'Evangelismo', '2011-11-22', '00:21:55', 'Aperiam quam at et expedita soluta debitis et soluta quam. Repudiandae consequatur natus repudiandae, corrupti alias atque ut et facere. Voluptatem saepe, tempora amet earum doloremque vel eum eius sit.\r\nUt minima delectus dolor molestias praesentium quia hic voluptatem odio. Unde perferendis debitis omnis maiores sed qui similique dolorem unde. Autem non itaque quia similique quo ducimus amet aut rerum. A eos numquam, vel blanditiis ab ex voluptatem ut consequuntur; ad voluptatem enim non ut veritatis deserunt ducimus unde tempora. Ratione aliquid amet eaque alias nisi eum ipsum natus modi. Quo ut magni qui sed tenetur non eum obcaecati molestias...\r\nDolores assumenda dolor est unde quam incidunt voluptas tempora esse. Asperiores optio, porro quis explicabo quidem sed non voluptatum eius; et qui quae et blanditiis laborum obcaecati rerum qui iste. Ut et quaerat impedit quos rerum perspiciatis id laboriosam debitis! Sit sed voluptatem perspiciatis ducimus quam quia sed possimus natus.', 297.69, 1358.84, 31, 4, 360, '1990-06-05', 29, 47),
(36, 'Venta de comida', '2022-07-25', '03:53:25', 'Nemo reprehenderit unde repellendus, eligendi id iste dolores omnis nemo. Aut ut velit voluptas et officia debitis assumenda error ipsam! Tempora ut nesciunt consequatur excepturi unde quae minima nisi est. Minima dolor quia deserunt a id et sequi vero natus. Sed enim amet ex ducimus qui consectetur voluptatem incidunt eos.\r\nQuam voluptatem eum voluptas debitis unde quo sint nobis quo. Error temporibus voluptates aliquam tenetur iste consequuntur non reprehenderit quam. Debitis vel sit nesciunt sit beatae quae velit iure et. Nihil velit, tempora sed quia eius expedita sequi distinctio atque. Possimus nihil ab porro, ut voluptatem vel velit officiis nisi? Qui aut facere ullam rerum asperiores est quae ipsam iste; asperiores quia quo ullam adipisci voluptatum voluptatem aspernatur est ex? Sit voluptate quasi nemo illo illum aut autem earum natus. Est velit fugiat in natus ut neque molestias iste deleniti...', 900.00, 1767.60, 90, 6, 272, '1986-11-28', 19, 34),
(37, 'Venta de comida', '1974-11-06', '06:08:56', 'Consectetur unde ab enim possimus soluta sed odit dolore error.', 468.16, 601.14, 115, 9, 101, '2019-04-06', 4, 14),
(38, 'Culto Misionero ', '2015-10-25', '09:47:10', 'Voluptatem voluptas est natus sed est sint culpa laudantium repellat. Facilis temporibus, voluptas aut vitae amet quidem omnis cumque facere! Quia enim non numquam unde quisquam ut quia sit qui. Sed officia, nemo ratione dolorem voluptatem et error est facilis. Blanditiis harum sequi, quod iste sit dolores omnis tempore nesciunt. Vero officia quo dicta harum non, aliquam architecto qui dolores? Sed officiis autem tempore dolorem laboriosam voluptate aut error dignissimos.\r\nLaudantium dolore ab nam ex, modi quia est sed eaque; quas non voluptates quia assumenda, sequi sit quo harum earum; et ut et perspiciatis rem ratione reiciendis natus dolorum et? Quo minima velit labore eligendi obcaecati incidunt, voluptatem et amet. Et rerum sit ratione laboriosam vel qui expedita quo error; dolor et explicabo quisquam sint dolore quia voluptatem non et. Itaque quia rerum laboriosam modi veritatis architecto perferendis commodi expedita.', 96.17, 1386.44, 22, 9, 91, '1993-08-01', 20, 60),
(39, 'Célula', '2021-03-29', '16:07:17', 'Nesciunt iusto a perspiciatis tempora non sed consequatur et est. Et eveniet quaerat commodi debitis odio sit voluptas est omnis. Vel id, dolor officia et dolorem dolor quia officiis libero? Quibusdam sapiente aut eaque vitae inventore amet et sed voluptatum! Ullam itaque totam nihil, ab aspernatur id nisi quibusdam omnis; adipisci ad sint quas sed ipsum sit dignissimos iste corporis.\r\nCorporis nulla unde in rerum accusantium at et molestias voluptatibus. Sequi quis blanditiis, molestiae laudantium sit asperiores autem sapiente et! Harum quisquam voluptas incidunt vel iusto vel quos dolore accusamus? Omnis dolorum doloremque voluptas quia voluptatem perspiciatis odio quam dolores. Sed alias magnam eligendi ut voluptatibus ex, non natus aspernatur. Eaque quo porro voluptatem aut quis qui voluptatem saepe sint? Ut et pariatur magnam consectetur sit ex autem et velit. Id unde, nostrum consequatur quia maiores consectetur ipsam officiis assumenda. Necessitatibus atque veniam voluptatem voluptas quasi dolorem vitae eum et! Natus qui distinctio numquam obcaecati molestiae repellendus quia illum asperiores.\r\nQuis dolorum optio aut expedita excepturi ipsa error est sunt. Quis qui ipsum possimus, ex voluptas sed consequatur iusto optio. Officiis quaerat velit, id numquam ut illum aut fuga ducimus! Dolores fugiat, natus id voluptate et est non suscipit rerum.', 0.66, 850.64, 114, 8, 363, '1971-08-25', 23, 36),
(40, 'Clase Música', '2000-02-05', '11:41:08', 'Qui possimus omnis qui dignissimos, quasi sequi in quia necessitatibus.\r\nCulpa id excepturi quo rerum reiciendis perspiciatis non laudantium aut. Accusamus consequuntur non laboriosam delectus est dolorem commodi dolorem porro. Eaque qui vel voluptates quasi ut rem recusandae quia et. Aut nisi fugit, accusantium quia est aut deserunt tenetur odit! Omnis recusandae voluptas ut quibusdam id nihil non aspernatur eos. Aliquam fuga suscipit, voluptatem est facilis culpa et itaque eaque.\r\nPerspiciatis quae sed impedit beatae qui ex qui molestiae aliquam. Quibusdam corrupti deserunt perspiciatis velit repellendus quia incidunt voluptatem asperiores. Exercitationem consectetur et repudiandae, aperiam consequatur id cumque at sapiente! Quae adipisci unde soluta perspiciatis et maiores ex omnis eveniet. Neque aperiam, enim laboriosam quasi necessitatibus sed quibusdam blanditiis quas! Exercitationem minus et odit ipsa explicabo, ex quaerat dolorem fugiat.', 610.48, 1693.61, 3, 6, 141, '1989-09-12', 11, 34),
(41, 'Venta de comida', '2000-11-18', '00:08:35', 'Voluptatem deleniti aut ea necessitatibus ad consequatur blanditiis, fugiat facere. Cupiditate voluptas aliquid, cum est aut a ut voluptatibus unde. Harum modi ipsum culpa facilis quos hic delectus ut voluptatem? Rerum ea necessitatibus sunt, alias quas aut distinctio ipsum ducimus. Officiis voluptas tenetur dolore nihil in omnis itaque beatae est!', 1452.43, 1758.60, 33, 8, 55, '1981-12-01', 30, 85),
(42, 'Megacélula', '1982-04-27', '22:41:56', 'Sit laboriosam quos laborum minima architecto ut nostrum rerum qui. Eum consequatur, nihil voluptas iste vero molestiae saepe dicta ut! Ut qui voluptatem nisi quo ipsum est deserunt sapiente ratione? Quam facere veritatis nobis perspiciatis voluptatibus tempora necessitatibus vel ea! Iste recusandae architecto voluptatem sapiente rerum quidem facilis quam quae; qui molestiae dolorum quo et voluptatibus, est quia exercitationem voluptate. Blanditiis saepe omnis velit fugit ipsum deserunt sed accusamus obcaecati. Et aperiam error a corrupti ex nesciunt doloremque veniam perspiciatis; ut nisi blanditiis voluptatem voluptates quia quaerat ipsa omnis maiores.\r\nCorporis natus recusandae unde inventore praesentium sit repellendus omnis autem. Error quo maiores quod alias eaque, repellendus dolorem voluptatem vel? Eaque tempore natus ut libero ipsa, nesciunt iste mollitia aperiam. Exercitationem ut unde dolores inventore omnis soluta facere perspiciatis quibusdam. Qui cupiditate voluptas ut quis doloribus harum vel aut minus!\r\nFugit pariatur nulla est velit nesciunt voluptate a optio corrupti. Non et delectus sunt sit, vel quis voluptate dolores est; sed eos unde et inventore non minus iste error tenetur. Quia suscipit voluptas quia doloribus consequatur sit fugiat provident qui. Fuga voluptatem iste est laudantium distinctio voluptatem sed quae fugit. Corporis eius sed nostrum est fugiat explicabo dolorem sit a.', 943.90, 661.31, 19, 7, 180, '1970-02-07', 27, 34),
(43, 'Taller Sanidad Inter', '2015-01-11', '17:49:14', 'Fugit dicta ut, est facere enim illum facilis expedita nobis.', 59.27, 1054.84, 2, 3, 3, '1970-01-13', 2, 79),
(44, 'Célula', '2014-05-13', '20:38:45', 'Nihil quos delectus accusamus officia harum alias maxime et beatae. Molestiae quas aut, nobis minus quae omnis est ipsa consectetur. Rem molestiae ut dignissimos ullam voluptas unde ea necessitatibus aliquam. Amet corrupti, repudiandae voluptas porro voluptatem nihil error commodi sunt...', 864.43, 306.44, 92, 10, 194, '1995-07-04', 15, 50),
(45, 'Venta de comida', '1970-05-22', '00:02:22', 'Sequi nulla eius nobis et dolorem dolor veritatis voluptatem sit. Aut corporis qui obcaecati voluptas optio omnis laboriosam odio aut...\r\nSit nobis deserunt rem aliquid neque obcaecati natus quibusdam repudiandae; accusantium sit facilis eos, natus ut voluptas omnis possimus quasi. Iure temporibus recusandae at, dignissimos ut facilis voluptatum aut ullam. Fugiat eligendi, ducimus recusandae quia aut sit quia iste nisi; autem natus laboriosam, rerum repellendus enim molestiae similique sit nesciunt. Quia aut, vel sunt deserunt non minima enim sint sed. Voluptatem modi praesentium consequatur ut, velit aliquam ut perspiciatis nemo. Id doloremque, temporibus aliquid sed explicabo quo incidunt dolor quo? Assumenda ab vero sunt unde enim nihil sit qui eaque.', 123.29, 1798.43, 9, 5, 254, '2003-03-06', 14, 33),
(46, 'Megacélula', '2001-06-03', '01:34:59', 'Impedit natus consequatur enim molestiae omnis voluptas quidem dignissimos in. Optio qui cum repudiandae nam quidem libero ut et eveniet. Dolorem vel quas, sit possimus quaerat doloribus sit in laudantium? Sed in est aspernatur et, velit vel nihil fuga voluptas. Doloribus facere quibusdam et numquam pariatur ut harum eveniet commodi. Voluptate sed ut eos, incidunt fugit consequatur quam sit quibusdam.', 1.61, 439.96, 74, 8, 225, '2013-09-20', 7, 15),
(47, 'Evangelismo', '1999-01-04', '20:24:39', 'Pariatur nihil magni natus maiores illo odio ipsum distinctio perferendis. Ipsa sed ipsa molestiae est ea atque quaerat eaque necessitatibus. Molestiae est commodi alias sed soluta aperiam ratione qui minus. Repudiandae laboriosam sit aut iste, perspiciatis quaerat blanditiis fugiat perspiciatis.\r\nAliquid animi unde, fuga qui consectetur laboriosam perspiciatis asperiores quasi. Nobis laudantium blanditiis aliquam recusandae tempora exercitationem sunt incidunt beatae! Assumenda natus tempore natus voluptatibus unde quia omnis natus est. Laborum sit aliquam ullam voluptatem autem accusantium dolorem itaque sapiente. Sit nemo perspiciatis obcaecati est omnis laborum aspernatur a id? Voluptatem autem nostrum, pariatur nam sed qui doloremque repudiandae culpa. Nostrum unde fugiat accusantium odio qui perferendis laboriosam doloribus harum.\r\nNihil maxime ut error illo est aut magnam sunt corrupti.', 482.50, 256.55, 62, 9, 284, '1970-11-03', 8, 17),
(48, 'Culto Niños ', '1971-07-23', '09:48:17', 'Veniam mollitia possimus sunt dicta laudantium nesciunt qui in sed. Alias cumque nemo fugit quo ut autem voluptas et omnis. Eligendi ut cum sapiente reiciendis ex et consequatur voluptates non.\r\nUnde eum, voluptate ut et non corporis ut inventore sequi; mollitia inventore sint et labore soluta, ut et repudiandae a. Nulla non perspiciatis quia velit et dolorum impedit sit esse. Nisi ratione, omnis eos atque quis voluptatem voluptatibus corporis consequatur.', 1980.19, 3.54, 56, 1, 286, '1991-01-18', 8, 77),
(49, 'Evangelismo', '2016-12-12', '22:25:30', 'Adipisci repellat odio sed quis laboriosam sed aspernatur consequatur nisi. Doloribus ad sunt earum omnis consectetur libero qui expedita beatae? Exercitationem minus vel labore sed quia corporis omnis maxime et; hic perferendis velit asperiores aut tempora illo rem minima nemo. Optio aspernatur veritatis autem accusantium illum quisquam et asperiores reprehenderit? Dolorum dolor, sit culpa eos voluptas impedit aspernatur quasi recusandae. Omnis dolorem autem quia qui nobis voluptates aut distinctio voluptatem! Aut minus quam fugit sed et, dolorem consequuntur ratione cumque.', 68.70, 68.48, 42, 7, 43, '1971-03-16', 22, 38),
(50, 'Taller Misiones', '1997-02-22', '02:45:15', 'Officia totam sit inventore iste alias omnis esse fugiat sed. Esse et vero error sed harum molestiae, minima temporibus maxime. Quia et ut dolorem dolore odit quia qui inventore nihil. Odio illum quam, est quia rerum libero aliquid expedita voluptatem; qui exercitationem laborum corrupti voluptatem consequatur voluptatem sequi sunt est. Dicta consequuntur dolore voluptas dolorem non et sed repellendus voluptatem. Qui error eos illo veritatis laudantium necessitatibus inventore voluptas ut. Natus a illum ipsa ipsum autem, architecto repudiandae modi qui. Ut cum nam, velit autem impedit eos ut eum dicta.\r\nUt quia impedit quia maiores in eum molestiae, est sed.', 96.05, 163.89, 79, 2, 224, '2003-09-28', 7, 15),
(51, 'Venta de comida', '2017-09-26', '21:47:05', 'Veritatis optio, omnis reprehenderit repellendus explicabo et pariatur aut aliquam. Fugiat vel amet esse iste laudantium tenetur sit nesciunt numquam.\r\nNostrum non adipisci optio, sint ut numquam ullam in ea. Sequi dolorum corrupti sed et aliquam vitae harum aperiam in! Dolore enim non magni rerum laborum dolorum veniam quo veniam? Voluptatem eaque odit enim ex, iusto est explicabo illum qui. Aliquid sit eos dolores et, temporibus ad nemo nihil quisquam. Quaerat aut accusamus in maxime, porro quis odit quisquam tenetur; quia doloremque quia, iste sapiente et qui sit minima voluptatibus. Ipsum sed officiis qui natus numquam officia omnis expedita eveniet! Repellendus quaerat provident illum nihil in quod accusantium omnis nulla.', 1564.80, 17.97, 23, 7, 146, '1970-01-04', 3, 52),
(52, 'Taller Sanidad Inter', '1970-09-28', '00:04:31', 'Cupiditate officia rerum et est qui voluptatem est aut inventore. Voluptatem rerum beatae quia aut, id fugit et officiis commodi. Doloremque aspernatur rerum eveniet qui quas soluta error qui sequi. Beatae optio aut in error rerum ea maiores consequatur animi! Voluptatem voluptas, voluptates quos non qui inventore temporibus neque reiciendis. Veritatis ullam provident doloremque vitae consequuntur labore quasi optio quaerat! Ea pariatur iusto ut perspiciatis et officiis aut unde minima. Molestiae exercitationem eum aut rerum quia, natus impedit non facere! Ex dolore rerum, dignissimos ut sed voluptatem a voluptas inventore.\r\nIpsam natus numquam nemo voluptatem iste possimus unde perspiciatis doloribus. Accusantium illum qui repellat facere molestiae et magnam ea molestiae; et itaque, doloribus commodi reiciendis omnis voluptatem ducimus in cum. Iste quo ut beatae rem non nisi aut repellat sapiente; voluptatem ipsum odit sed omnis soluta, ab voluptas sed in? Magni laboriosam aut neque, non quia dolor perspiciatis dicta perspiciatis. Perspiciatis sed quaerat perspiciatis libero neque est ea sunt temporibus! Illo obcaecati doloremque, ut quis iste quia hic quam et; inventore corporis non earum aut molestiae impedit natus iste assumenda.\r\nMagnam iste beatae sunt tenetur commodi, ea labore fugit iste. Quaerat et qui molestias, officiis nostrum aspernatur et natus adipisci! Repellat atque non voluptas molestias sequi asperiores ut sit iste. Voluptatem ut vel libero dicta iure excepturi iste harum qui. Impedit delectus ab, omnis est minima rerum quos magni mollitia. Esse mollitia in, quisquam qui ut voluptatum quia veritatis et. Molestiae facere cum, placeat maiores quaerat beatae perspiciatis omnis eum! Aut reprehenderit aut odio est delectus quam ut repudiandae qui. Corrupti ut odit recusandae consequatur debitis perspiciatis delectus iste odio; iusto quia laudantium iste repellendus qui sit dolore quam dolore.', 1045.12, 70.10, 2, 5, 378, '1970-03-10', 4, 89),
(53, 'Célula', '1971-07-08', '00:09:14', 'Sint provident nam perspiciatis molestias aperiam qui eligendi, maiores ex. Sit nesciunt, quaerat atque deleniti inventore veniam deserunt vel suscipit. Dolorum expedita et est hic illum odit officia non vitae? Eos expedita excepturi magni nobis ipsum nemo veritatis nihil recusandae. Labore error unde necessitatibus similique architecto eius quidem non nam! Ea et maxime sit explicabo sit eum exercitationem velit minima? Voluptas aut nobis aut tenetur maiores, natus sed adipisci aliquid; cum fuga sit illo minima quia dicta voluptate debitis optio. Sit vitae quae aperiam quisquam et est dolorem nesciunt recusandae. Nemo distinctio sed laborum vero sit qui natus eius et.\r\nDolor id unde illo eos nesciunt libero omnis quae amet; esse recusandae ea vero expedita optio perspiciatis voluptate totam reiciendis? Sed dolorem exercitationem illo labore nulla corporis rem sunt sequi. Molestiae sit, enim sit exercitationem quidem iste similique at unde. Dolores itaque inventore iste voluptatem quam dolorem aut officia cum. Voluptatem sit, quo quidem consequuntur eum architecto adipisci omnis minima!', 1851.96, 943.30, 81, 5, 311, '2017-06-09', 11, 13),
(54, 'Taller Sanidad Inter', '1990-10-17', '03:15:40', 'Ipsam commodi consequatur iure nulla quisquam vel, voluptas ex sed. Dolor aspernatur, nisi est ducimus minus enim perspiciatis ipsa excepturi. Ut vel est rem qui eum laboriosam accusamus molestias unde. Natus aut et error consequatur numquam sit et iste dolorem. Itaque voluptatem dignissimos natus doloremque sed non fugit reprehenderit fugiat. Et quia, quas ratione eaque est accusantium inventore omnis voluptatum! Voluptatem perspiciatis sed veniam nulla, et voluptatem rem nulla rerum. Et quis totam dicta explicabo enim iste sunt error qui? Et perferendis aliquid ipsam sequi pariatur unde ut error ad!\r\nAut ab in qui est illum error exercitationem sit quo; omnis fugit quas numquam sit harum ducimus sed a molestiae. Consequatur nulla quisquam dolor doloremque quos et eum omnis dolor.', 937.41, 6.43, 83, 5, 123, '1970-01-18', 8, 81),
(55, 'Venta de comida', '2008-09-09', '02:12:57', 'Consequatur voluptatem inventore rerum omnis temporibus sit est dicta et. Eligendi et velit adipisci dolores, sunt dolor eum unde sit. Quia voluptatem odio quos illo aut explicabo est ut aperiam. Totam quam quia perferendis libero, tempora dolores quasi qui quia!', 1911.89, 5.59, 95, 7, 198, '2003-11-19', 15, 36),
(56, 'Venta de comida', '2018-10-14', '04:36:13', 'Numquam suscipit ut sed autem eaque vitae et, laborum aut. Numquam error facilis ullam eius sed repellat sed eius tempora? Temporibus molestias omnis voluptatem nemo quibusdam sapiente doloremque unde ipsam. Repellendus laborum voluptatibus error ullam dolorem saepe et dolor unde? Cumque numquam voluptas dolores quasi, ut vel sit quos itaque.', 1278.78, 7.31, 100, 5, 50, '2004-11-16', 4, 7),
(57, 'Clase Biblia', '1996-01-05', '11:32:02', 'Fugit quia hic ratione voluptatem eligendi sit magni maiores natus. Rerum quia unde, velit quia quisquam atque repudiandae sapiente cum. Quaerat et similique perspiciatis iusto vel omnis sed nulla tempora.\r\nAtque dolorem non repellendus et error eveniet veritatis minus dolorem.', 1311.25, 589.93, 55, 1, 249, '1970-01-07', 23, 39),
(58, 'Célula', '2000-09-16', '20:18:01', 'Maiores illo maxime hic fugiat aut nihil aliquam, unde nemo. Et quod rerum debitis hic eum aut eum et magnam. Alias sit cumque sunt consequatur sequi delectus rerum aut qui.\r\nEt expedita quia in est iste, at dolores ut perspiciatis. Et est distinctio nemo et maxime voluptatem esse sed fugit. Error incidunt reiciendis molestias quas molestiae provident ut in tempora. Veritatis minima, dolor sed consequuntur facilis dolorem cum praesentium vel! Blanditiis facilis aut velit unde minima qui alias est nisi; inventore vitae veritatis fugiat incidunt molestiae voluptatem quam eum enim. Quis qui quasi vel veniam cupiditate placeat aliquid iure ea. Ratione eius autem repellat sed quis exercitationem voluptatem omnis alias.\r\nAutem suscipit molestiae voluptate dolorem totam quisquam inventore et at. Dolorum mollitia laborum voluptatibus consequatur sed quia dolorem tempore quidem. Minima ullam obcaecati sunt exercitationem dolore et perferendis neque iusto! Dolorum dignissimos exercitationem ut, ipsum quis molestias quis ab perspiciatis. Harum debitis, ad id esse sapiente dolorum debitis ut temporibus. Aspernatur aut, quidem repellat officia deserunt aut omnis in qui.', 545.69, 1430.38, 51, 1, 218, '1970-01-06', 27, 38),
(59, 'Megacélula', '1972-03-01', '00:13:11', 'Et eveniet, aut numquam temporibus unde qui praesentium ut voluptatum.', 896.72, 906.61, 27, 10, 357, '1970-01-08', 7, 52),
(60, 'Culto Niños ', '1982-05-04', '10:11:12', 'Illo odit eum deleniti unde nostrum eaque reprehenderit voluptatem error.\r\nOmnis nemo cupiditate iste provident amet porro voluptatem cupiditate harum. Inventore eveniet et velit quis exercitationem at id iste magni? Libero et iste quasi tenetur quia voluptatem sed sapiente dolorem; assumenda molestiae accusantium aut, totam exercitationem debitis exercitationem dolor consequuntur. Aut ut veniam voluptatem et, voluptatem est ut natus quas. Saepe sed hic nesciunt ullam ut eos ut eum et.\r\nUt est, minima corrupti magni unde minima facilis animi porro. Enim consequatur obcaecati corrupti perspiciatis sit, blanditiis veritatis ipsum quae. Enim pariatur cupiditate ducimus hic enim qui aut autem ducimus. Labore numquam, tempore aut doloremque sint aut asperiores aut sint!', 685.64, 1066.94, 58, 4, 26, '1973-03-10', 19, 38),
(61, 'Clase Consejería Prá', '1992-07-14', '15:27:32', 'Alias quam dolores vitae laboriosam id deleniti voluptatem laudantium hic. Quisquam ab culpa obcaecati architecto aperiam perspiciatis fugiat debitis omnis! Dolores qui quia rerum quo voluptates nulla dignissimos totam non; dolorem tenetur exercitationem quos architecto rerum voluptatum necessitatibus magni ut. Numquam dicta et praesentium ab beatae, fugiat et quo rem. Voluptas omnis quis dolorum voluptatem dicta amet eius consequuntur sed! Ad quo consequatur aut, omnis reiciendis qui quos voluptatem nulla; molestias soluta, omnis est reiciendis id perspiciatis doloremque deserunt corrupti. Tenetur reiciendis nihil, vel et ex sunt nemo ut labore.\r\nVoluptatem quis perferendis voluptas aut rem eius et quisquam incidunt. Voluptatem laudantium quo praesentium similique aut quaerat cupiditate quisquam magnam! Sed tenetur error nulla nihil consequatur aut est eius veritatis. Placeat eos aut magnam repudiandae necessitatibus dolore expedita quia amet; ut perferendis dignissimos aliquid beatae inventore quis corporis error repellat.\r\nEsse aspernatur natus quia ex, veritatis totam natus qui et. Architecto exercitationem qui inventore porro et aut quibusdam ut non. Et eveniet aut magni fugiat autem ratione praesentium unde obcaecati. Porro molestiae nemo rerum et nulla quasi animi voluptatem labore. Eos adipisci non et voluptatibus placeat quia odit sit similique? Recusandae voluptatem, sed voluptatem qui dolor ipsum quia necessitatibus dolorem; dolor dolore quod magnam enim doloribus corporis aut aliquid quis. Nesciunt soluta cumque repellendus neque repudiandae unde odio, aut ut. Dolore voluptatem amet nobis quis nulla voluptatum vel et ut. Dolorum sit ipsa, perspiciatis quisquam qui distinctio pariatur neque ut!', 1367.86, 886.03, 81, 5, 171, '2018-12-29', 27, 44),
(62, 'Venta de comida', '1994-01-03', '00:30:57', 'Asperiores enim quis voluptas in omnis enim delectus tempora ullam.\r\nRerum fugiat consequuntur veritatis ut molestiae, natus provident voluptatem aliquid. Sit at eveniet exercitationem cupiditate et in omnis repellat id! Tempora ut et enim quae quasi blanditiis omnis repellendus quod. Inventore possimus ut, veniam atque rerum animi sit et reiciendis.\r\nMinus consequatur possimus est aut eius ab neque, quia consequatur. Eius eligendi expedita alias ut aut maiores dolorem tenetur numquam.', 299.13, 1044.84, 16, 9, 160, '1980-09-02', 15, 24),
(63, 'Taller Evangelismo', '1971-10-27', '07:59:41', 'Error expedita dolor minus illo enim et id veniam commodi. Temporibus nesciunt sapiente deleniti perspiciatis et cum sequi sed est. Nulla non voluptatem, ut unde et pariatur perspiciatis et voluptatibus? Qui illum dolorem mollitia nisi harum doloremque quos eveniet culpa; dignissimos adipisci inventore obcaecati, a nesciunt est maxime quod quisquam. Quas sunt perspiciatis rerum natus soluta ut quo accusantium enim.', 836.90, 85.16, 49, 6, 268, '2012-01-14', 14, 64),
(64, 'Reunión Líderes', '2017-09-13', '02:14:41', 'Dolores voluptatem omnis provident quisquam labore soluta velit atque in. Ea ut error expedita et laboriosam vel delectus nostrum obcaecati. Sit fugit magnam vitae aut laboriosam amet ea sed quaerat! Ab id omnis quia ad sapiente, autem tenetur voluptatem omnis. Dolor ab eos expedita omnis voluptatibus, fuga recusandae nesciunt ex! Praesentium alias et quia fuga quia, et nihil magni ut. Molestiae omnis incidunt repellat iure ducimus ratione et totam ut. Excepturi non iste recusandae illo reiciendis qui et corrupti dolorum.\r\nDolor officia quod quia numquam quasi laboriosam dolorem nostrum excepturi.\r\nIn eaque ut veritatis perferendis, iste similique quos quis nam. Unde consequatur dolor dolorem facere dolores nihil laudantium et cumque.', 31.63, 61.98, 89, 1, 321, '1972-06-05', 30, 76),
(65, 'Célula', '1979-02-15', '00:55:33', 'Enim corporis quia consequatur iste alias facere natus eligendi sed; aspernatur temporibus quasi aliquam quae vel magnam accusantium necessitatibus odio.\r\nEligendi et totam fugit magni error rerum, magnam rem mollitia.\r\nVoluptas omnis aut ipsam ut obcaecati quo blanditiis vero voluptatibus. Deleniti aut veniam, omnis odit tempore aliquam eaque quo voluptatem...', 1032.15, 8.98, 41, 2, 104, '1985-07-09', 14, 46),
(66, 'Culto Oración ', '1970-01-10', '00:00:10', 'Omnis et, numquam aut eum harum numquam at est doloremque. Omnis natus aspernatur animi repudiandae veniam ullam, corrupti porro quae? Voluptatem vero, iusto qui est facilis non dolor itaque dolores. Est tempore sit molestias laborum assumenda magni aperiam velit fugit. Repellat rerum quisquam beatae fuga fugit ut obcaecati numquam ipsum. Ad vitae ducimus numquam iusto obcaecati exercitationem tenetur consectetur aspernatur. Culpa velit magni dicta aliquid blanditiis ut quisquam hic quae...', 455.56, 848.92, 8, 5, 195, '1991-06-19', 28, 64),
(67, 'Taller Sanidad Inter', '1982-06-15', '01:15:49', 'Natus cum tempora modi atque inventore accusamus ab perspiciatis temporibus. Qui asperiores sit corrupti itaque aut corporis consectetur at soluta. Qui autem veritatis perspiciatis veniam cumque omnis, qui est enim; ipsum corporis at eos nesciunt ad nisi iste voluptatem quaerat. Aut sit placeat fugiat eaque et tempora, non id quia; possimus sequi laborum unde perspiciatis nisi vitae maxime qui sed. Officiis harum ipsam qui necessitatibus aut atque omnis rerum fuga.', 1290.80, 550.70, 55, 10, 277, '1989-08-03', 30, 27),
(68, 'Clase Música', '1981-05-19', '23:18:23', 'Atque impedit dolores ut ullam dolorem enim impedit unde similique. Possimus temporibus qui, blanditiis et perspiciatis voluptatem maxime aut at. Obcaecati iste, aperiam perspiciatis et vero sint exercitationem ex magni? Est recusandae, nesciunt et qui dolor ut tempore dolores explicabo. Tempore dolores unde dolorem repellendus est excepturi aut nihil maiores. Vel expedita magnam sunt velit non dicta numquam nesciunt veniam? Dicta sed cumque ut dolorem sit sequi in deserunt aut. Numquam sequi est illo, sapiente accusamus ex dolores aperiam quia? Accusantium sed eaque aspernatur facilis cupiditate et totam aperiam omnis! Dignissimos suscipit quibusdam laboriosam, nam quos perspiciatis nisi unde doloribus.\r\nSed sunt aut laboriosam aliquid minima natus rerum numquam atque. Sed amet possimus accusantium voluptate voluptas at ducimus expedita sed.\r\nVoluptatem ratione ullam omnis sint amet ut et ducimus et. Deserunt qui corporis nihil quod asperiores maiores sit fugit vitae. Exercitationem at minima id saepe deserunt unde sit nemo nisi; voluptates est maxime blanditiis, eveniet ut repellendus excepturi dolores laudantium. Culpa aut non modi magnam est dolores et sapiente eaque? Amet dolores neque laudantium hic natus aut autem, officiis sunt; omnis quidem cupiditate quas quisquam reprehenderit et unde nemo voluptatem.', 100.98, 1.57, 69, 9, 200, '1970-01-09', 25, 40),
(69, 'Reunión Líderes', '2003-01-22', '05:00:44', 'Et temporibus nemo, consequatur voluptatem est excepturi sed ullam provident. Qui autem, ex exercitationem sed enim error sit architecto quidem!', 408.48, 11.35, 77, 2, 311, '1987-12-25', 24, 50),
(70, 'Culto Misionero ', '1970-02-05', '00:00:36', 'Autem aut iusto delectus qui porro suscipit adipisci laborum error. Consequuntur officiis, assumenda consequuntur dolores modi debitis unde fugit adipisci? Et voluptatem asperiores laudantium et optio ut, sit corporis voluptatem. Sit modi omnis explicabo perferendis sunt omnis fugiat ea facilis. Deserunt voluptatem voluptatum perferendis enim quo, sed omnis qui odio; alias eligendi nam iste quas nemo aliquid assumenda magni voluptatibus. Nulla obcaecati, dolore quaerat sed iste eligendi ex animi quis. Ipsum voluptate nam ut quas alias dignissimos dolores totam dignissimos.', 859.27, 570.13, 53, 3, 154, '1971-07-05', 18, 3),
(71, 'Culto Santa Cena ', '2004-10-31', '18:16:10', 'Mollitia vero, est et sit id maiores aut dolorem tempore.\r\nAmet asperiores fuga eaque aspernatur suscipit non quasi dolorum perferendis. Nam iusto non iste ut perspiciatis ut, officia ullam officiis!\r\nModi architecto, et non dolorem quasi qui natus eum voluptate. Ut velit, esse et nam dolorum est dolores facere nisi.', 4.49, 82.66, 93, 4, 25, '1970-01-02', 19, 44),
(72, 'Célula', '1970-02-07', '00:00:38', 'Natus obcaecati qui id sed rem repellat autem et quasi; velit a, corporis tenetur numquam nihil laboriosam qui aut officia? Molestias ipsa veritatis sint est iste ea voluptas ullam eaque. Iste consequatur sed explicabo iusto alias quia iste voluptatem blanditiis. Cumque neque ut optio qui adipisci voluptatibus beatae sequi non. Repellat dolore aperiam sit, a sit dignissimos dolores commodi suscipit. Nam molestiae quia fugiat minus perspiciatis eos qui unde temporibus. Temporibus fugit laborum accusantium deserunt, et nihil ut sit sed; nostrum quo ipsam omnis ipsum consequuntur sit doloribus, non accusantium.\r\nQuidem doloribus magni, aut atque dolorum suscipit aut quos sed. Ut qui cupiditate suscipit enim voluptas non nihil enim rem; accusantium qui at quis enim perspiciatis sit aut labore hic; sed corrupti mollitia modi et omnis vitae, amet eum dicta? Consequatur voluptates, quia vel dolores accusantium et sint dolorem sunt.', 9.34, 38.49, 37, 5, 60, '1970-01-12', 12, 34),
(73, 'Taller Sanidad Inter', '1978-07-11', '02:29:43', 'Natus qui nihil voluptates quam, quo sint vitae repellat dolorum. Necessitatibus error aut maxime ut dignissimos eos et consequatur animi. Sunt laborum sint, optio natus et voluptatem numquam et aut! Quibusdam incidunt voluptatibus voluptatem quasi reiciendis ut temporibus veniam sit. Suscipit perspiciatis, omnis veritatis est natus ipsam neque modi maiores! Expedita enim natus voluptas fugit ea qui possimus velit qui. Qui mollitia sed voluptates quod et obcaecati commodi aspernatur quod.', 63.31, 249.74, 74, 1, 216, '1971-07-25', 5, 26),
(74, 'Reunión Pastoral', '1970-01-22', '09:14:27', 'Quia numquam nihil quia ipsam ad voluptate tenetur excepturi eius. Labore ut quis iure suscipit soluta, doloribus esse et exercitationem. Cumque qui adipisci natus consequatur harum dolore quas saepe officia. Veritatis autem sed veritatis rem pariatur ut ex commodi dolores; dignissimos dicta deleniti iusto est sit sed veniam perspiciatis nostrum. Qui officia ea quis est velit aliquid architecto earum sapiente.', 1872.70, 613.04, 52, 9, 137, '1970-03-24', 21, 65),
(75, 'Taller Sanidad Inter', '1971-08-02', '00:09:39', 'Consequuntur exercitationem neque dolor nisi nihil, autem illum qui veniam.\r\nMolestiae veniam labore et hic et reprehenderit amet aperiam fugit. Alias fugit reprehenderit necessitatibus rerum itaque, sint ut voluptatem est. Ut qui facilis magni sunt nostrum accusantium nesciunt quaerat eius! Voluptatem quo magni totam veniam voluptatem ullam exercitationem odit aliquam? Error dignissimos nobis sequi sed dolorum totam sunt cupiditate qui. Velit beatae consequatur ab ut est fugiat doloremque dolor sint! Corporis possimus, omnis inventore aperiam assumenda eius voluptas fugit harum. Nobis et id sint, ea dolorum qui omnis et non. Et rem eos voluptatem, eaque sunt aspernatur cum dolorem perspiciatis. Totam dolorum vel dolores molestiae non recusandae tenetur, distinctio numquam.\r\nAt dolorum dolor laboriosam nam recusandae ratione, quisquam laborum perspiciatis. Eius ut, consequuntur ut sit enim eum perspiciatis est assumenda. Officiis magnam molestiae sint enim est vero, voluptatum rem esse? Iure illo accusamus illo aut nulla aut soluta saepe sit. Enim ipsum error, eos voluptatum voluptatem fugit officiis eos autem. Nesciunt non aut architecto impedit omnis sunt perspiciatis magni sed. Ut in sit autem nihil autem iure autem cum quis; perspiciatis ea error illo exercitationem ullam itaque error in consequuntur. Eius hic adipisci sunt veritatis voluptatum quaerat modi nihil voluptas!', 744.93, 2000.00, 110, 9, 372, '1970-02-08', 8, 53),
(76, 'Culto Santa Cena ', '1991-05-26', '10:53:57', 'Dolor quae deserunt ut omnis quae architecto labore illo blanditiis. Voluptatem earum quae commodi suscipit explicabo aspernatur voluptates natus dicta? Natus corporis odit iste est deleniti ex odio voluptatem impedit. Eos aut pariatur et natus ut harum iste quia voluptatibus. Consectetur suscipit nulla voluptatem minima nihil, nobis porro aut dolor! Officiis quam voluptate eius, unde dolor ea eius et explicabo; ut eos, optio ut doloremque omnis unde maxime praesentium ullam. Laudantium molestiae natus a sit ut dolores veritatis tenetur sit. Et illo laudantium quasi sit ut voluptates quasi cupiditate id. Adipisci cupiditate beatae ex voluptatem sint blanditiis commodi est expedita...', 1768.24, 6.26, 111, 4, 212, '1979-08-09', 30, 72),
(77, 'Venta de comida', '1972-01-20', '21:25:51', 'Quasi ducimus, natus voluptas laudantium enim quo corporis eum omnis.\r\nPerspiciatis qui sunt totam dolorem nisi error inventore alias tempore. A dolores inventore doloremque omnis, minima quia eum velit odio; id placeat omnis ipsa unde voluptatem debitis atque explicabo beatae. Qui facere omnis obcaecati cum delectus reprehenderit labore repudiandae et. Dolores adipisci facilis fuga vitae odio natus, illum dolorem earum. Voluptatem sunt sed alias sint, enim minima possimus omnis sed. Explicabo corrupti, temporibus numquam aliquid aperiam numquam laudantium sint quo. Perferendis aut enim voluptas facere voluptatum esse est adipisci illo!', 427.81, 3.84, 91, 2, 193, '1971-09-06', 3, 72),
(78, 'Taller Misiones', '1977-04-21', '12:10:22', 'Ipsam iure incidunt sed dicta veniam voluptatem laudantium voluptatem dolores. Sapiente ut nemo iste natus temporibus accusamus architecto quasi quos. Non eaque sit iusto et harum aut non rerum aliquam. Consectetur tempore qui omnis consequuntur reprehenderit consequuntur obcaecati optio quia! Neque ea et, repellendus ut optio accusamus omnis possimus non. Tempora culpa unde eligendi beatae voluptatibus magni maiores praesentium quae...\r\nImpedit officiis cupiditate, sequi aut quidem consequatur eius sunt impedit. Voluptas alias provident, molestiae culpa dolore sapiente molestias quae cum. Ipsa perspiciatis totam quae earum ut, sit iste sapiente qui. Magni facilis eos enim magni culpa neque, deleniti nobis nesciunt. Omnis necessitatibus quibusdam dolor aut praesentium odit dolore iste aliquam.', 43.15, 1282.10, 7, 7, 342, '1986-01-05', 12, 15),
(79, 'Célula', '1970-03-16', '00:01:15', 'Ut ratione vel minus iste quisquam est deleniti explicabo assumenda. Culpa sed sint optio voluptatum et ab doloremque atque soluta. Ad omnis consequatur dolorem sed delectus dolorem, in rerum et. Animi et sed placeat id sed sit debitis eos vero. Optio aspernatur ipsam in voluptatem fugiat sed quo incidunt et.', 204.49, 848.99, 60, 9, 277, '1970-01-07', 3, 35),
(80, 'Célula', '1975-01-03', '19:11:06', 'Iste sint officiis voluptatem vel iste incidunt facere quia dolores. Voluptatem ipsum ut enim veritatis quia dolorem incidunt explicabo dolorem. Enim iusto eos sed, accusamus quidem id maiores dolor perspiciatis; et omnis voluptatibus labore tenetur et ut eligendi possimus maxime. Quia dolore culpa ipsa laboriosam repudiandae itaque architecto ipsum unde? Accusamus perferendis optio, unde quia soluta nam autem minima perspiciatis.\r\nConsequuntur ratione, omnis possimus sed velit aut sit quae totam. Ab cum velit beatae dolorum unde, quia harum nihil exercitationem! Debitis voluptatem repellendus magni sapiente expedita debitis totam reprehenderit tempore. Reiciendis qui saepe aliquam ullam commodi nesciunt et omnis quia; minus ducimus omnis nobis, soluta earum recusandae optio non qui. Ullam et veritatis praesentium voluptatibus aliquam voluptas sint velit et? Consectetur dolores quisquam earum accusantium et eius culpa autem debitis. Asperiores sed magni perferendis consequatur et velit similique natus eius! Sed voluptatum earum minima quis, omnis sed laborum officia sunt.', 1963.48, 1776.11, 24, 3, 208, '1970-01-04', 19, 82);

-- 
-- Dumping data for table predicas
--
INSERT INTO predicas VALUES
(1, 'El Hijo Pródigo', 'Iure nesciunt dicta animi sit eos sed incidunt non totam. Velit quo itaque molestiae laudantium illo ea quas ut voluptatum? Error est magnam nihil aliquid facere et fugit natus sequi! Eius debitis et laborum repellendus itaque consequatur perspiciatis quo nemo.\r\nQuidem consectetur voluptas autem veritatis in similique expedita, dicta illum. Eligendi iste qui ullam est assumenda et sit ut quaerat!', 29, 29),
(2, 'Sublime Gracia', 'Enim sequi maiores facilis omnis ut natus cumque sit dolor.\r\nDolorum voluptatem suscipit iste et sunt dolor exercitationem error exercitationem. Est magni perspiciatis tenetur et magnam maiores rerum, consectetur similique! Totam non voluptatem et eum cupiditate omnis corporis sint libero. Excepturi est voluptatem ratione fugit qui unde dolores consequatur aut? Quod non molestiae aut nemo natus modi cumque inventore qui.', 20, 20),
(3, 'Enviados a predicar las buenas', 'Excepturi sed ratione soluta ullam voluptatem omnis perspiciatis et quod. Officia et odit eius molestias est cum omnis provident deserunt? Sapiente et ipsa voluptate illum soluta est officia ut facilis; et aut aliquid eos et corrupti et eveniet nobis pariatur? Iste quia, aut ullam quia laboriosam perspiciatis unde ipsum et; ipsum rerum qui optio eos saepe dicta itaque quis quas? Veritatis in molestiae nisi, ducimus vero quos nihil rerum totam. Beatae est nihil, aut quos dignissimos explicabo a ad quia. Voluptate tempora at iste cum in minus omnis ut perspiciatis.\r\nNecessitatibus quia sed a quidem suscipit est aliquam tempora aut. Soluta omnis est inventore ut repellendus voluptas ullam velit modi. Dolor optio velit sunt optio est possimus hic repellendus totam. Harum optio nulla impedit rerum inventore unde pariatur delectus accusamus; ab laboriosam dolorem qui sit in odio qui ut non. Reprehenderit numquam dolorum odio officiis omnis dolores modi unde omnis. Molestiae eum magni ipsa pariatur vel sed hic eos culpa. Qui totam consequatur incidunt earum commodi molestias atque ad omnis.\r\nPraesentium aspernatur, reiciendis error omnis voluptatem ad ea eligendi suscipit. Doloremque illum ipsam ipsum quo, error voluptas ipsa et error. Voluptatum ea eum eaque pariatur fuga culpa laborum facere veniam!', 13, 13),
(4, 'El Hijo Pródigo', 'Harum nisi quisquam aliquam molestiae magni consectetur quo sit molestiae. Incidunt omnis, dolorem assumenda nulla inventore nulla aut eaque qui! Quia perspiciatis voluptatum sunt, nihil et dicta eos sit eos. Sed error pariatur eligendi adipisci velit amet qui unde sit. Beatae laboriosam corporis eveniet ut et cumque unde officia unde? Qui quia laudantium sit pariatur eveniet iste nemo quia voluptas. Sed non et impedit maiores dicta voluptas tempora tempore velit; et magnam sed ad rerum ut nobis qui tempore ducimus. Earum officiis consequatur aperiam voluptates sed error et at sed.\r\nLaudantium qui sed ut, harum eaque maxime et facilis est. Et doloremque accusamus aliquid, non nulla ut omnis nihil voluptatem. Temporibus adipisci a aspernatur provident aspernatur ut non voluptate et!', 17, 17),
(5, 'El Hijo Pródigo', 'Ut consequuntur aliquid eius veniam corrupti consequatur, officia ex non. Reprehenderit fugiat et perspiciatis qui doloremque quisquam non facere quibusdam. Omnis labore nesciunt asperiores pariatur aut a vel officiis autem. In officia maiores eum, voluptatem incidunt ut quia aut pariatur. Iste quo praesentium illo eius repellendus, et perspiciatis voluptatem id. Ipsum et ea ut ratione molestiae omnis est sit repellat.\r\nRerum ut dolor optio minus voluptatem explicabo voluptatibus ut magni. Nobis veritatis soluta itaque accusantium vitae incidunt alias soluta blanditiis. Libero quia et est doloremque architecto, doloremque eos voluptatem corporis! Deleniti rerum et omnis enim unde nisi exercitationem et id. Voluptates reprehenderit voluptatem perspiciatis incidunt soluta neque aliquid sed voluptatem...\r\nAsperiores aspernatur qui, sunt maiores delectus atque voluptatum magni eos. Odio id reiciendis, sed nihil natus ut iste asperiores ad! Autem ut reiciendis aperiam architecto recusandae reprehenderit harum optio et. Quo architecto non libero eius veniam a repellat fugit ut. Et ex, saepe non debitis facilis voluptatem dignissimos tenetur sapiente.', 10, 10),
(6, 'El Hijo Pródigo', 'Ipsa voluptas blanditiis, natus ut voluptates laborum sit dolores unde.\r\nSit perspiciatis nostrum repellendus aut vel veniam et alias a. Accusamus ut, facilis ut reiciendis voluptatem ipsam cumque qui quia. Dignissimos molestiae est maiores cum culpa perferendis est qui saepe. Quam nostrum ut omnis sed accusantium officiis ut tempora voluptas? Non corporis aut, voluptas dolore sed quas rem architecto repudiandae. Sit et dolore repellendus vel fugit quasi dolorem voluptatem ullam! Voluptatem odio at nam qui, ab ut voluptates enim modi; rerum consequuntur sequi ratione harum ipsa perspiciatis eos velit eius? Eum laboriosam dolores eum alias quidem repellendus et facilis est! Tempora sit temporibus id aut quae assumenda et velit minima.\r\nQuis iste unde, quisquam voluptatem qui earum hic voluptate nobis. Nam sit, incidunt praesentium dolorum fugit dicta explicabo cupiditate facilis! Perspiciatis sit accusantium eligendi magnam vitae, ut dolorum accusamus voluptatum. Facere nostrum unde numquam, eius ipsam eligendi iusto inventore cum. Porro eveniet dolore aut obcaecati vero voluptates est omnis et. Necessitatibus nihil adipisci architecto dolor aspernatur consequuntur aperiam voluptatem rerum? Sunt soluta tenetur quibusdam harum sequi soluta enim beatae qui! Deserunt quia, et doloremque et fugiat accusantium sed autem totam. At placeat sed iusto accusantium rerum sequi ipsa esse voluptatum. Tenetur fugiat, voluptas totam cupiditate quod sit atque iste commodi.', 14, 14),
(7, 'Nuestro Destino Eterno', 'Aliquid hic molestiae quis qui doloribus repellendus, dolores nulla aut. Voluptate sapiente cumque ut unde ut earum distinctio sequi cum. Porro perspiciatis at officiis iste quo natus temporibus delectus voluptas. Nesciunt aut provident eum non consequuntur placeat porro consectetur voluptatem. Quia natus dolor ea, voluptatum error dolor exercitationem libero excepturi! Omnis quia dolorem aut laudantium reprehenderit nulla cum sunt vel. Consectetur nihil nobis atque quis esse non sint nulla eos? Velit consequuntur hic deserunt vitae soluta, dicta sit adipisci voluptatibus. Cumque debitis, enim quo natus cupiditate aut voluptas qui quae.', 3, 3),
(8, 'El Amor de Dios', 'Est nulla enim rem amet dicta magni accusantium voluptas minus. Qui explicabo aut natus et laboriosam est numquam magni assumenda. Nihil dignissimos est cupiditate et vitae laudantium quo et cum. Odit qui veniam sunt voluptas molestiae, beatae consectetur inventore neque. Est sunt sit sed eum sit id unde sapiente magnam!\r\nQuis quia vel incidunt eum a dolores minima modi possimus. Pariatur omnis qui, totam laborum iure est fuga et sapiente. Officiis dolor, architecto culpa quia ullam in vitae cupiditate et. Voluptatibus rerum amet repellendus quod non unde animi incidunt id? Similique ea ratione sit maxime saepe veniam omnis reiciendis aut! Quasi sit sed odit id sapiente, eveniet assumenda autem quisquam. Iste modi odio, sed dolorum minima consequatur corporis ad est.\r\nLaudantium in omnis et totam, rem eveniet sed temporibus ut. Consequatur ab ut iste eos numquam sint porro dignissimos perspiciatis! Ut voluptatem ut et perspiciatis temporibus sunt qui eos corporis. Ea eum omnis eum officia sed aliquid est harum obcaecati. Quae quisquam ducimus possimus et officiis est et blanditiis inventore; est necessitatibus praesentium iusto unde iste totam illo libero voluptate. Ut nostrum beatae, sit natus vel est ipsam est sit. Consectetur maxime corporis quaerat sapiente accusantium natus commodi neque qui...', 7, 7),
(9, 'El Amor de Dios', 'Dicta aperiam quas consectetur earum cupiditate praesentium omnis qui incidunt.', 4, 4),
(10, 'El Hijo Pródigo', 'Similique error doloremque dolore sunt eum laudantium necessitatibus voluptatem perspiciatis. Sit soluta repellendus eligendi rerum deleniti illo porro omnis asperiores! Rerum molestias doloremque qui voluptas nobis consequuntur omnis nisi qui? Ea sint asperiores fugit sed ut eos reiciendis aut sint; omnis officiis eius eum repudiandae asperiores doloribus quaerat eum sed. Qui veniam consequatur fugit perferendis et labore nemo provident repellat. Voluptas omnis suscipit rerum sint commodi fugiat perspiciatis harum explicabo.\r\nQuia animi fuga voluptatibus magni obcaecati maiores ea eos omnis. Ratione non consequatur quo labore perspiciatis, minima nesciunt quis doloremque! Placeat quis, aspernatur deserunt debitis nesciunt qui illo sed eum. Quod fugit qui est a nesciunt, aliquam praesentium libero deserunt. Beatae sit consequatur facere eligendi, consequatur temporibus impedit dicta harum.', 11, 11),
(11, '¿Santidad o legalismo?', 'Ipsam quod, similique obcaecati deleniti non perspiciatis quia repellat sint. Ut et quae excepturi quis et suscipit molestiae quaerat quia.', 1, 1),
(12, 'La Gracia De Dios', 'Beatae deserunt similique temporibus minus error sequi qui in tempore. Molestiae excepturi dicta atque voluptatibus error voluptatum qui possimus necessitatibus. Qui obcaecati natus necessitatibus delectus dolor sed est dolor dolorem. Nulla nostrum ullam, vero eaque tempore ipsa aut numquam consectetur; exercitationem voluptatem a adipisci ipsum et est quaerat molestiae voluptatum. Ea voluptatibus quia dolores error voluptatibus eligendi mollitia ut quas! Totam consequatur perspiciatis et, ut asperiores molestiae repellendus aliquid et. Nihil est ut eos qui at nostrum minus accusamus est!\r\nAd illum, et voluptatum repellat voluptas similique cumque aut dolores. Iste ipsa iure a harum cum suscipit, incidunt odio non! Dicta corporis aperiam dicta nostrum rem labore officiis qui et. Ab et natus non illo, magnam nulla labore qui quaerat. Quo sit deleniti totam ea libero sit quae reiciendis laboriosam. Voluptatum natus architecto tempora ipsam qui sit ea ut et! Neque obcaecati beatae unde voluptatibus dolor nesciunt ratione voluptas atque. Perspiciatis distinctio eligendi sequi, et ex omnis non error magnam. Soluta quisquam, nisi quae facere quidem temporibus ut tenetur quis!', 8, 8),
(13, 'Sublime Gracia', 'Itaque consectetur labore, in quia culpa consequatur molestiae quibusdam voluptas.', 30, 30),
(14, 'Las 10 vírgenes', 'Aut nemo iste quas mollitia eum voluptatibus debitis at sed. Rerum maiores magnam odit nisi repudiandae non eveniet ex et; accusantium illum culpa iure sapiente distinctio voluptatem rerum nemo inventore; voluptatem aperiam qui, sed autem et unde maiores esse voluptatem. Blanditiis sunt autem vel voluptatum enim corporis rerum ut consequatur.', 26, 26),
(15, 'Enviados a predicar las buenas', 'Atque voluptatibus dicta perspiciatis rerum, velit culpa quia quis id. Temporibus assumenda, quos magni perspiciatis repellat ratione dolorem nesciunt voluptas. Odio similique amet debitis molestiae consectetur architecto et qui accusantium. Ipsa quia voluptatum, error aut deserunt error natus ratione quos. Alias enim impedit architecto sit consectetur a et vel sed...\r\nDebitis veritatis, porro unde qui architecto aliquam quod et labore.', 23, 23),
(16, 'El Hijo Pródigo', 'Nisi cumque est sapiente laborum natus molestiae blanditiis optio ullam. Sapiente qui enim impedit amet voluptates perspiciatis nisi ipsum sed. Aut mollitia id sed explicabo architecto est nostrum aut nihil. Voluptas unde dolorum qui corporis dolorum molestiae error voluptas omnis? Est iure nobis consequatur itaque rem debitis porro eius quis. Qui ratione libero sed qui sit sed facilis eos rerum! Aut qui id animi velit quae praesentium, quis reiciendis et. Repellendus voluptas ratione autem dolorem, odio eligendi qui voluptas ut. Repudiandae animi beatae omnis voluptates ipsum autem voluptatum mollitia quidem. Aperiam qui officiis a dignissimos accusamus ratione qui cumque illum.', 27, 27),
(17, 'Jesús El Buen Pastor', 'Quo natus aperiam qui iusto repudiandae aut dolor culpa consequatur. Autem error dicta adipisci, voluptatum enim molestiae tenetur et quis; porro fuga eos ut sed quia, quam qui iure molestiae. Perspiciatis recusandae quo laborum sed voluptatum, autem maiores doloremque ut. Rerum laboriosam deleniti distinctio rem voluptatibus dolorem sit est ducimus. Est at ut, quo maxime porro omnis consectetur suscipit et.', 12, 12),
(18, 'El Amor de Dios', 'Iure ex consequatur dolorem voluptatem ut sed ut illum voluptatum. Perferendis voluptatem quo sit ut nulla autem ipsa magnam dolor. Sint aspernatur minus quia aliquid dolores et quibusdam facilis cumque. Qui expedita sit odio sit nobis placeat in sint dolor! Sint repellat similique, eum ipsum ea expedita debitis voluptatem natus; qui atque officia magni iste ut asperiores rerum dolor ipsum. Omnis ex qui autem placeat nesciunt tempore non voluptas ducimus. Dicta qui sed voluptatem dicta earum id omnis optio non; aliquam officiis quas est non officia ea unde quis tempore.\r\nReiciendis in esse et repellat voluptas est accusantium aut excepturi. Esse consequatur laudantium non exercitationem sequi consectetur nostrum ut eum. Animi molestiae omnis minima perspiciatis quia sed, accusantium itaque laboriosam. Fuga neque et esse quidem error necessitatibus iure exercitationem repellat. Perspiciatis illo magnam natus et assumenda sed assumenda est et. Ratione nisi temporibus commodi voluptatem dolores qui quidem error voluptatum. Doloribus eveniet numquam aliquam aut deleniti laborum nostrum sequi vel. Quaerat quia unde officiis mollitia voluptatem fugiat placeat nostrum perferendis. Amet sunt repellendus vero et quae, sed dolor dolores modi! Repellat voluptatem eveniet unde laudantium voluptatem aut tempore sed explicabo.\r\nUt consequatur ratione laboriosam neque sit praesentium aliquid optio sed. Facere illum eum culpa vero omnis officiis sed temporibus sequi.', 9, 9),
(19, 'La Gracia De Dios', 'Et eum commodi minus, ut qui corrupti ipsum impedit eveniet. Unde iusto ut voluptas repellendus iste ipsam quia, in dolor. Fuga reiciendis, qui perspiciatis dignissimos nemo cupiditate molestiae non rerum; dicta ab unde dolorum cupiditate soluta iste est ex eius. Perspiciatis illo corrupti ut et aut velit quibusdam eius amet. Eius aliquid ipsum eum consequatur quis impedit qui totam aut. Dolor perspiciatis sunt sint eum, omnis iure sed molestiae ipsum. Consequuntur nemo asperiores nulla est id in porro vero quo. Dolor aperiam quo illo ipsam aut perspiciatis ad dolor error.\r\nFacilis quia optio velit molestias placeat, sit ab repudiandae quod. Minus iste illum aperiam et consequatur magnam dicta et quo. Possimus delectus minus, quia odit asperiores incidunt officiis nostrum voluptate! Natus et laudantium nisi natus sequi nisi accusantium a iure.', 5, 5),
(20, '¿Santidad o legalismo?', 'Error qui, et error est at dolorum repudiandae ratione unde.\r\nMaxime enim facilis asperiores unde et veritatis, eligendi atque ut. Natus architecto sint voluptas repudiandae qui nobis sunt voluptates beatae. Qui enim quod enim, ducimus hic at odit dolore fugiat; tempore ipsa cumque deserunt ut omnis natus cupiditate est aliquam. At et expedita voluptatum corrupti iusto voluptas unde dignissimos porro? Et nemo accusantium veritatis, recusandae deleniti sit qui eligendi ut. Dicta possimus nam eveniet voluptatem, labore tenetur quis maxime maiores. Omnis dolor ipsam non corporis omnis non reiciendis placeat sed! Modi ullam tenetur natus omnis eaque impedit assumenda officia laboriosam. Pariatur quo error in id iure voluptas iure nostrum sit!', 21, 21),
(21, 'El perdón que no merecíamos', 'Ea molestiae officia ipsa delectus voluptatem sint quisquam perspiciatis voluptate. Voluptatibus dolores error cum quod incidunt tenetur animi perspiciatis deleniti.\r\nRepellat cumque eos sed nam, aliquid voluptates ipsum sapiente vitae. Voluptatem totam ratione quia illo ab ut aut voluptas non; quam sed quia et est doloremque quos et ad porro. Perspiciatis id in vel quia fugiat atque doloremque deserunt sint. In reprehenderit voluptate autem nostrum deserunt dolore officiis placeat vero! Consequatur ut asperiores, quia ipsam aperiam reiciendis voluptatibus error voluptas. Sit vel ut sed id voluptatem, ullam aut ea ex!\r\nExplicabo tempora excepturi perspiciatis quia dolorem sit alias aut vel. Natus omnis quis doloremque ad et ullam maiores iste recusandae. Ut et perspiciatis esse, omnis quia maxime sed in magni. Voluptatem obcaecati, beatae sapiente earum ut mollitia molestiae et rerum. Ad omnis sed officiis dolores maxime, sed aliquid praesentium qui.', 2, 2),
(22, 'Sublime Gracia', 'Quos tempora sint suscipit iste accusantium in ut sed culpa. Eos voluptas iste est voluptatem, tempora vitae ipsa sint reprehenderit. Blanditiis consequatur quo praesentium id rerum omnis sint harum est; laboriosam sint harum et ex culpa aut sed aperiam libero. Obcaecati sapiente sit eos, sed laboriosam harum natus iste voluptatum. Et quia id quia magni aperiam quaerat sit hic quia! Dolores voluptatem ipsam rerum voluptatum sed delectus consequuntur debitis voluptates? Dolores possimus accusantium sit ut obcaecati eveniet consequuntur nisi unde. Eos nihil voluptas quos et repudiandae dolores omnis saepe voluptatem.\r\nEarum ut fugiat, sit voluptatem consequatur non temporibus rerum minus. Ea quibusdam excepturi asperiores ut omnis recusandae voluptatibus qui voluptas. Pariatur saepe tempore officia, non blanditiis voluptate id quia quas! Repellat magnam ut eum, consectetur facilis eius sint omnis natus. Et excepturi earum ad et tenetur quidem aut odit necessitatibus...', 24, 24),
(23, 'Nuestro Destino Eterno', 'Sint ut ipsa tempore beatae quo obcaecati aliquid illo voluptatem. Dolores ea, rerum enim qui omnis iste at consequuntur earum. Et inventore accusantium accusamus natus qui aut dolor nisi et. Iste et omnis aut et voluptatum, sapiente neque eos quam. Sed excepturi corporis tenetur officia molestiae dignissimos dolorem, praesentium ea. Magnam veritatis aperiam quia vel et ducimus consequatur ea eligendi. Impedit totam asperiores enim consequatur ut culpa earum et aut; perspiciatis labore quia dolorem ut ab vel pariatur, aut fugit.\r\nDucimus ipsa vel libero ab ad itaque, sed omnis voluptatem. Quos et officia reiciendis beatae ut tempora iste dolorem tempore!\r\nPraesentium enim laborum nisi placeat sit soluta ut modi impedit. Consectetur perspiciatis rem tempore quisquam aliquid quam est perferendis velit? Iste sit magni eum amet magnam iure mollitia ipsum impedit. Nam praesentium ut neque quae aut dolores consequatur asperiores qui. Qui aperiam non doloremque dolor, unde et odio iste sequi; sed sint, assumenda molestiae incidunt nisi dolore sunt odio veritatis. Doloremque qui culpa nisi ad molestiae qui blanditiis impedit rem; tempore quasi voluptatem est cum accusamus qui quis sit quibusdam; aliquam modi, nostrum voluptas in enim sed natus consectetur et.', 6, 6),
(24, 'El Amor de Dios', 'Et ea eaque est ratione et sit voluptatum ipsam sed. In enim adipisci qui vel quia molestias, beatae natus nostrum. Modi unde dolorem ut deleniti cupiditate et distinctio ducimus laboriosam? Dignissimos omnis ea repellendus molestias ab doloribus vel alias fugit.', 28, 28),
(25, 'Nuestro Destino Eterno', 'Exercitationem error cumque aut veniam explicabo consectetur ea error nesciunt. Provident et in tempora optio cumque iure ex tempora ut! Modi consequatur qui nemo quidem cumque odio accusamus quas eos. Dolorem qui totam animi vel commodi vitae quas laudantium non. Unde consectetur iste autem voluptas, dolores placeat velit id sed.\r\nIpsa excepturi est et magnam ut quaerat eos laboriosam repellat. In sed impedit consectetur unde, inventore at pariatur odio et! Reprehenderit sit eaque ea, omnis sit et ut vel enim. Nobis repellendus dolor aut sunt et ut necessitatibus temporibus sit. Repudiandae veniam est, in voluptas officiis quia accusamus doloremque perferendis...\r\nVoluptatem modi dolorum voluptatem est ullam vel eos velit porro. Blanditiis quisquam optio itaque quasi dolor veniam eos fugit unde! Similique expedita consectetur deserunt perspiciatis nemo error porro eaque numquam. Natus quidem voluptatem numquam excepturi voluptatem velit ut numquam voluptatem. Autem vitae quia minima, in eveniet ut autem est vero.', 18, 18),
(26, 'La Gracia De Dios', 'Fuga voluptatem non eos, blanditiis doloribus voluptatibus aut a molestias. Consectetur aliquid consequatur et ut ad, voluptas consequatur repellendus omnis. Accusantium consequuntur cumque nemo dolorem et, quia asperiores numquam in. Aut odit iste ducimus libero accusantium atque ut neque eligendi! Sunt iusto ab accusamus at maxime, tempora voluptas enim qui? Non et ipsum voluptatem id omnis blanditiis dolorem sequi velit; possimus repellat sapiente dolor suscipit fuga aut minima aut numquam.\r\nDolores iste quia natus laboriosam commodi dolorem nulla error sit. Cumque minima atque perspiciatis, ut sed saepe nihil similique nihil. Quasi ducimus at nesciunt, sit a error placeat iste deleniti. Voluptatum impedit sed rerum, ut beatae velit ut et quaerat! Deleniti qui voluptates veritatis consequuntur omnis ullam maxime odio dolores. Ut error perspiciatis doloribus dolor voluptatem nihil voluptatem earum ipsam. Atque ea, est fugiat odit soluta sit debitis ut sed. Quo repudiandae sed quia quo accusamus quia ipsam ut totam! Quia nesciunt, rem id voluptatum voluptatem libero id voluptate aut.', 25, 25),
(27, 'El Hijo Pródigo', 'Sequi doloremque exercitationem dignissimos totam, quod ut rerum et in. Ad similique praesentium, dolore iste eius nisi laborum natus reprehenderit! Iste quia quaerat dolorem magni et iusto quasi et est. Dolore porro aut, minima amet et porro laudantium cumque reprehenderit. Quo doloremque expedita temporibus, vero commodi aliquam nisi optio molestias!\r\nCumque ducimus quia, odit laboriosam ratione maxime beatae id sed. Modi accusamus earum nisi voluptatem, nihil et commodi eos ut; et voluptate molestiae enim qui quam beatae possimus totam voluptatem. Obcaecati quia culpa eligendi voluptate voluptas, accusamus iure delectus qui. Ipsam architecto ipsum illo, unde consequuntur perferendis minima fuga rerum! Deserunt obcaecati asperiores vel quam incidunt error perspiciatis ratione nihil.\r\nBeatae saepe aut aspernatur architecto quos consectetur iste quis nulla. Provident qui consequatur magnam suscipit eos culpa harum et laudantium! Et nostrum autem harum quaerat soluta nemo aut recusandae eligendi. Qui quia ut sint et ratione quia voluptatem et temporibus! Vero et dicta rerum cum omnis maxime consequatur laborum sed. Adipisci minima, itaque sed dolor omnis id quis delectus odio! Tenetur non ab eos unde sunt sit perspiciatis inventore vel. Accusamus delectus nostrum veritatis natus delectus cum dolore aut delectus! Impedit repellat obcaecati suscipit dolorem ut quo et maiores quisquam.', 15, 15),
(28, 'El Amor de Dios', 'Magni omnis aut voluptas voluptatem ut labore eum nostrum officiis. Explicabo consequuntur nihil recusandae voluptatibus modi aut dolorum repellat ipsum.\r\nDolor incidunt est quisquam ut, accusantium molestiae facere cumque est. Aperiam mollitia similique cum obcaecati corrupti ipsam quia reprehenderit unde...\r\nHic et reiciendis modi laborum voluptatem enim, earum et maiores. Quidem ipsa, aut atque maxime officiis et dicta voluptatem in. Sunt ut reprehenderit sunt temporibus quidem laborum doloremque perspiciatis voluptatem. Sed magni qui sit voluptas nihil et qui dicta ut! Ut ducimus perferendis earum odit numquam quia voluptatem et ut. Sapiente soluta, eum ut qui quia aperiam voluptatem adipisci dolore!', 19, 19),
(29, '¿Santidad o legalismo?', 'Quia possimus commodi sed consequuntur similique, voluptatem vero sunt odit. Nulla praesentium voluptas aut tenetur natus sed molestiae quisquam qui...\r\nAut cupiditate nemo enim quo est cumque aut voluptas nemo. Molestias sit ab corrupti esse voluptas sequi laudantium eum non!', 22, 22),
(30, 'Las 10 vírgenes', 'Eos aspernatur totam omnis dicta eum dolor praesentium quibusdam adipisci.', 16, 16);

-- 
-- Dumping data for table ministerios
--
INSERT INTO ministerios VALUES
(1, 'Kids', 344, 8),
(2, 'Consolidación', 329, 2),
(3, 'Redes Sociales', 254, 7),
(4, 'Redes Sociales', 108, 1),
(5, 'Intercesión', 223, 3),
(6, 'Consolidación', 360, 7),
(7, 'Ujieres', 44, 3),
(8, 'Evangelismo', 206, 7),
(9, 'Ujieres', 392, 1),
(10, 'Alabanza', 266, 2),
(11, 'Cafetería', 27, 1),
(12, 'Kids', 106, 8),
(13, 'Redes Sociales', 38, 5),
(14, 'Danza', 329, 9),
(15, 'Multimedia', 5, 9),
(16, 'Kids', 393, 10),
(17, 'Multimedia', 140, 2),
(18, 'Redes Sociales', 204, 2),
(19, 'Tesorería', 92, 1),
(20, 'Redes Sociales', 93, 7),
(21, 'Ujieres', 55, 7),
(22, 'Pastoral Juvenil', 64, 4),
(23, 'Teatro', 51, 6),
(24, 'Evangelismo', 1, 4),
(25, 'Alabanza', 137, 4),
(26, 'Teatro', 333, 4),
(27, 'Cafetería', 346, 1),
(28, 'Cafetería', 319, 6),
(29, 'Ujieres', 154, 1),
(30, 'Tesorería', 223, 1);

-- 
-- Dumping data for table versiculos
--
INSERT INTO versiculos VALUES
(11, 1, '1 Reyes 1:32'),
(21, 2, '2 Tesalonicenses 83:'),
(7, 3, 'Salmos 3:88'),
(9, 4, '2 Corintios 8:32'),
(19, 5, '2 Tesalonicenses 59:'),
(23, 6, 'Oseas 34:42'),
(8, 7, 'Deuteronomio 73:76'),
(12, 8, '2 Samuel 22:5'),
(18, 9, 'Ezequiel 65:55'),
(5, 10, 'Eclesiastés 3:53'),
(10, 11, 'Colosenses 93:4'),
(17, 12, 'Zacarías 2:81'),
(3, 13, 'Colosenses 38:55'),
(6, 14, 'Lucas 2:39'),
(27, 15, 'Génesis 1:72'),
(30, 16, 'Marcos 3:51'),
(4, 17, 'Josué 7:46'),
(25, 18, 'Mateo 5:33'),
(28, 19, 'Filipenses 17:12'),
(2, 20, '2 Reyes 29:5'),
(20, 21, 'Lucas 4:35'),
(29, 22, '2 Samuel 2:79'),
(15, 23, 'Efesios 4:11'),
(22, 24, 'Gálatas 35:67'),
(26, 25, 'Filipenses 75:19'),
(14, 26, '1 Reyes 51:57'),
(16, 27, 'Mateo 3:4'),
(24, 28, 'Deuteronomio 78:9'),
(1, 29, 'Habacuc 41:93'),
(13, 30, 'Génesis 6:7');

-- 
-- Dumping data for table telefonos
--
INSERT INTO telefonos VALUES
(569, 337, '+00656070367'),
(269, 304, '+00707061844'),
(564, 20, '+01656410446'),
(170, 21, '+01656410446'),
(410, 64, '+01735153055'),
(592, 65, '+01735153055'),
(337, 53, '+01762464803'),
(545, 54, '+01762464803'),
(488, 325, '+01933669149'),
(119, 135, '+03790866257'),
(292, 136, '+03790866257'),
(287, 94, '+04946414901'),
(310, 95, '+04946414901'),
(388, 60, '+05948848159'),
(581, 61, '+05948848159'),
(135, 374, '+0634195053'),
(557, 335, '+0686546078'),
(582, 1, '+06911583888'),
(570, 277, '+0695675797'),
(42, 124, '+07722693703'),
(206, 125, '+07722693703'),
(363, 101, '+09713475140'),
(409, 102, '+09713475140'),
(554, 19, '+100672538215'),
(165, 20, '+100672538215'),
(246, 301, '+100735346167'),
(108, 133, '+101921356680'),
(274, 134, '+101921356680'),
(53, 346, '+102608129554'),
(479, 171, '+102998129533'),
(103, 172, '+102998129533'),
(326, 52, '+103615695764'),
(540, 53, '+103615695764'),
(354, 252, '+103695554778'),
(463, 213, '+10605675902'),
(526, 176, '+10633652056'),
(150, 177, '+10633652056'),
(51, 126, '+10649057064'),
(220, 127, '+10649057064'),
(405, 2, '+10664179556'),
(586, 3, '+10664179556'),
(265, 243, '+10666390927'),
(147, 295, '+106777365434'),
(342, 250, '+10692639915'),
(266, 48, '+10698199691'),
(497, 49, '+10698199691'),
(159, 357, '+10732062789'),
(430, 166, '+109683143190'),
(57, 167, '+109683143190'),
(480, 214, '+109726700334'),
(325, 391, '+111990088380'),
(356, 313, '+112777924264'),
(588, 280, '+112792262771'),
(189, 298, '+113946430153'),
(133, 353, '+114653890886'),
(216, 145, '+114724891192'),
(376, 146, '+114724891192'),
(185, 377, '+115606970022'),
(161, 240, '+11614706095'),
(443, 68, '+11638551903'),
(600, 69, '+11638551903'),
(330, 98, '+11663116947'),
(357, 99, '+11663116947'),
(139, 35, '+11668620783'),
(327, 36, '+11668620783'),
(44, 26, '+11672076467'),
(239, 27, '+11672076467'),
(43, 365, '+11676694873'),
(79, 187, '+11693942545'),
(221, 188, '+11693942545'),
(94, 370, '+117724263868'),
(416, 319, '+117759400002'),
(36, 284, '+118696956869'),
(201, 380, '+118942851211'),
(250, 46, '+118991767936'),
(470, 47, '+118991767936'),
(349, 311, '+11924642452'),
(489, 265, '+121774737962'),
(19, 83, '+121961791522'),
(204, 84, '+121961791522'),
(427, 66, '+123794220696'),
(596, 67, '+123794220696'),
(29, 23, '+125641257500'),
(210, 24, '+125641257500'),
(318, 308, '+12610689605'),
(382, 315, '+12618384033'),
(344, 393, '+12652998646'),
(590, 341, '+126614545029'),
(392, 104, '+12663183725'),
(440, 105, '+12663183725'),
(324, 309, '+12673859914'),
(37, 25, '+126792509921'),
(237, 26, '+126792509921'),
(369, 206, '+12697150192'),
(353, 312, '+130998993889'),
(156, 195, '+131688447664'),
(291, 196, '+131688447664'),
(411, 106, '+132621760843'),
(468, 107, '+132621760843'),
(542, 271, '+132642061215'),
(553, 334, '+132740225931'),
(415, 164, '+132966287757'),
(31, 165, '+132966287757'),
(566, 21, '+133945801497'),
(181, 22, '+133945801497'),
(541, 78, '+135651447427'),
(129, 79, '+135651447427'),
(351, 55, '+13629391222'),
(558, 56, '+13629391222'),
(429, 209, '+13636014554'),
(322, 155, '+13666999443'),
(487, 156, '+13666999443'),
(20, 122, '+136952033946'),
(198, 123, '+136952033946'),
(438, 7, '+13696456286'),
(599, 8, '+13696456286'),
(88, 188, '+13772817037'),
(224, 189, '+13772817037'),
(510, 115, '+138799923437'),
(555, 116, '+138799923437'),
(107, 233, '+138945547316'),
(55, 227, '+139634398716'),
(387, 161, '+139656336520'),
(12, 162, '+139656336520'),
(307, 96, '+139749206081'),
(335, 97, '+139749206081'),
(232, 360, '+141715166424'),
(171, 358, '+142765850399'),
(231, 44, '+142975977110'),
(444, 45, '+142975977110'),
(28, 344, '+142981560936'),
(393, 162, '+143746151298'),
(15, 163, '+143746151298'),
(196, 144, '+14617640909'),
(368, 145, '+14617640909'),
(279, 388, '+14631461894'),
(176, 242, '+14633245998'),
(379, 398, '+14648417833'),
(168, 241, '+14651902489'),
(534, 270, '+146667000182'),
(538, 17, '+146720836443'),
(113, 18, '+146720836443'),
(205, 87, '+14673138931'),
(249, 88, '+14673138931'),
(412, 318, '+14677208982'),
(493, 218, '+14678303078'),
(439, 210, '+14683673317'),
(419, 4, '+14685226585'),
(593, 5, '+14685226585'),
(408, 3, '+14685629118'),
(591, 4, '+14685629118'),
(91, 231, '+146919260395'),
(473, 11, '+147734959093'),
(54, 12, '+147734959093'),
(149, 237, '+148769781105'),
(38, 226, '+151683203208'),
(414, 258, '+152624045594'),
(141, 354, '+152755984962'),
(82, 230, '+152991619617'),
(117, 290, '+153724020876'),
(65, 185, '+153798664366'),
(208, 186, '+153798664366'),
(294, 50, '+154983672427'),
(531, 51, '+154983672427'),
(455, 321, '+155787202256'),
(466, 10, '+155956397365'),
(40, 11, '+155956397365'),
(352, 395, '+15620670305'),
(435, 167, '+15628524749'),
(73, 168, '+15628524749'),
(501, 220, '+15640112945'),
(59, 184, '+15658812364'),
(203, 185, '+15658812364'),
(41, 181, '+156655245438'),
(180, 182, '+156655245438'),
(506, 327, '+156689736237'),
(14, 223, '+15676208667'),
(547, 272, '+15708278373'),
(207, 41, '+15739768729'),
(413, 42, '+15739768729'),
(47, 182, '+157627670684'),
(183, 183, '+157627670684'),
(134, 136, '+157972454452'),
(302, 137, '+157972454452'),
(174, 198, '+157978822673'),
(312, 199, '+157978822673'),
(509, 267, '+159767268505'),
(215, 382, '+1605252013'),
(172, 140, '+1606898847'),
(332, 141, '+1606898847'),
(428, 6, '+1607444574'),
(597, 7, '+1607444574'),
(518, 175, '+160775240322'),
(146, 176, '+160775240322'),
(115, 350, '+160793606901'),
(383, 399, '+161632893715'),
(462, 170, '+161640676889'),
(93, 171, '+161640676889'),
(289, 389, '+161647661767'),
(235, 300, '+1632090601'),
(517, 14, '+163649501078'),
(72, 15, '+163649501078'),
(140, 137, '+163782164715'),
(308, 138, '+163782164715'),
(339, 310, '+163917923249'),
(386, 103, '+164760915795'),
(434, 104, '+164760915795'),
(374, 102, '+16619094608'),
(421, 103, '+16619094608'),
(116, 234, '+16623460948'),
(230, 89, '+16632729578'),
(267, 90, '+16632729578'),
(101, 232, '+16634697020'),
(549, 273, '+16671018663'),
(418, 165, '+16674291358'),
(39, 166, '+16674291358'),
(556, 274, '+16683229929'),
(498, 326, '+16693057295'),
(199, 40, '+1672132561'),
(406, 41, '+1672132561'),
(477, 12, '+167674549503'),
(62, 13, '+167674549503'),
(273, 150, '+167713984534'),
(446, 151, '+167713984534'),
(10, 342, '+167951535344'),
(99, 31, '+1684297401'),
(290, 32, '+1684297401'),
(166, 197, '+1686178800'),
(303, 198, '+1686178800'),
(155, 239, '+168971748994'),
(280, 49, '+1690934570'),
(516, 50, '+1690934570'),
(128, 292, '+170674170963'),
(346, 157, '+170732785735'),
(494, 158, '+170732785735'),
(535, 331, '+170935749988'),
(522, 329, '+172753050137'),
(271, 92, '+173633345443'),
(293, 93, '+173633345443'),
(551, 18, '+174750126496'),
(130, 19, '+174750126496'),
(236, 45, '+175771501887'),
(467, 46, '+175771501887'),
(142, 294, '+17602539929'),
(16, 179, '+17608269923'),
(164, 180, '+17608269923'),
(471, 323, '+17613974499'),
(377, 397, '+17636355836'),
(112, 191, '+17645254205'),
(247, 192, '+17645254205'),
(571, 338, '+17651417008'),
(190, 142, '+17656501134'),
(343, 143, '+17656501134'),
(74, 287, '+17659020568'),
(390, 61, '+176614624526'),
(583, 62, '+176614624526'),
(561, 336, '+176622823313'),
(78, 229, '+17663577754'),
(167, 297, '+176688442004'),
(25, 283, '+17680561014'),
(177, 37, '+17681300536'),
(355, 38, '+17681300536'),
(371, 396, '+17689692167'),
(345, 54, '+17693132815'),
(550, 55, '+17693132815'),
(261, 303, '+176931968253'),
(398, 317, '+17695392428'),
(123, 33, '+176967242022'),
(306, 34, '+176967242022'),
(132, 193, '+17696830850'),
(272, 194, '+17696830850'),
(30, 84, '+177635537130'),
(211, 85, '+177635537130'),
(528, 119, '+177760715749'),
(576, 120, '+177760715749'),
(448, 212, '+178912246422'),
(13, 82, '+179673166013'),
(188, 83, '+179673166013'),
(333, 202, '+179949883277'),
(69, 28, '+180727313833'),
(263, 29, '+180727313833'),
(121, 372, '+180755749392'),
(399, 208, '+181608288528'),
(496, 219, '+181680032286'),
(124, 351, '+181791030562'),
(521, 268, '+183706776591'),
(508, 221, '+183952318790'),
(114, 134, '+184784396427'),
(283, 135, '+184784396427'),
(9, 121, '+185940673668'),
(182, 122, '+185940673668'),
(86, 369, '+185969978716'),
(530, 76, '+185971088736'),
(98, 77, '+185971088736'),
(512, 116, '+18606446544'),
(563, 117, '+18606446544'),
(336, 99, '+18622584817'),
(367, 100, '+18622584817'),
(436, 67, '+186789219633'),
(598, 68, '+186789219633'),
(137, 194, '+18684985344'),
(278, 195, '+18684985344'),
(17, 224, '+188990559496'),
(296, 306, '+189957719285'),
(552, 79, '+189963119445'),
(152, 80, '+189963119445'),
(548, 333, '+190927836066'),
(49, 183, '+191784731569'),
(200, 184, '+191784731569'),
(106, 190, '+194752156345'),
(242, 191, '+194752156345'),
(309, 51, '+195935434455'),
(536, 52, '+195935434455'),
(227, 146, '+19604866104'),
(394, 147, '+19604866104'),
(6, 200, '+19612483213'),
(328, 201, '+19612483213'),
(490, 217, '+19622989825'),
(454, 111, '+19633857024'),
(532, 112, '+19633857024'),
(402, 163, '+19638084469'),
(26, 164, '+19638084469'),
(64, 347, '+19640841754'),
(316, 247, '+19664880350'),
(403, 257, '+19667269490'),
(425, 5, '+19668835096'),
(595, 6, '+19668835096'),
(48, 125, '+19688235657'),
(212, 126, '+19688235657'),
(8, 178, '+198777920447'),
(157, 179, '+198777920447'),
(362, 56, '+199728618479'),
(567, 57, '+199728618479'),
(370, 253, '+20630783638'),
(85, 29, '+20906347153'),
(277, 30, '+20906347153'),
(248, 90, '+22917278264'),
(281, 91, '+22917278264'),
(442, 211, '+22975582754'),
(515, 117, '+23650119959'),
(568, 118, '+23650119959'),
(213, 42, '+23776453585'),
(432, 43, '+23776453585'),
(1, 177, '+23941087646'),
(153, 178, '+23941087646'),
(89, 288, '+23952524329'),
(264, 387, '+24674690831'),
(276, 93, '+24739673677'),
(304, 94, '+24739673677'),
(350, 251, '+24979191506'),
(126, 352, '+25982324973'),
(252, 386, '+2602938428'),
(96, 131, '+2609788142'),
(254, 132, '+2609788142'),
(163, 139, '+2629388323'),
(323, 140, '+2629388323'),
(223, 383, '+2666670776'),
(286, 151, '+26677544459'),
(457, 152, '+26677544459'),
(251, 362, '+2673142958'),
(560, 275, '+26773111549'),
(27, 225, '+27725180087'),
(320, 248, '+28639965135'),
(46, 345, '+28799193025'),
(175, 376, '+28912154038'),
(420, 259, '+29974603984'),
(184, 199, '+32765231500'),
(315, 200, '+32765231500'),
(381, 254, '+33630687118'),
(483, 215, '+33671968703'),
(486, 216, '+34705678072'),
(209, 381, '+34910688139'),
(160, 196, '+35694679378'),
(297, 197, '+35694679378'),
(32, 123, '+35702664739'),
(202, 124, '+35702664739'),
(97, 189, '+35740998025'),
(233, 190, '+35740998025'),
(244, 361, '+35943541186'),
(111, 32, '+35950337121'),
(299, 33, '+35950337121'),
(401, 105, '+3600108994'),
(464, 106, '+3600108994'),
(257, 363, '+3640224603'),
(77, 129, '+36763765411'),
(240, 130, '+36763765411'),
(519, 75, '+36908606561'),
(84, 76, '+36908606561'),
(148, 356, '+36972926873'),
(502, 13, '+38995786903'),
(67, 14, '+38995786903'),
(500, 114, '+39669522507'),
(546, 115, '+39669522507'),
(400, 62, '+39749321815'),
(585, 63, '+39749321815'),
(75, 186, '+39961040905'),
(217, 187, '+39961040905'),
(34, 24, '+41696001433'),
(214, 25, '+41696001433'),
(305, 153, '+41755841848'),
(482, 154, '+41755841848'),
(340, 203, '+41970179780'),
(364, 159, '+42731139811'),
(504, 160, '+42731139811'),
(178, 141, '+42998179098'),
(338, 142, '+42998179098'),
(391, 1, '+43920726098'),
(584, 2, '+43920726098'),
(285, 245, '+43973260467'),
(329, 249, '+44636885584'),
(145, 236, '+44959457407'),
(195, 39, '+45910739905'),
(373, 40, '+45910739905'),
(385, 207, '+4601381200'),
(459, 322, '+4604773313'),
(102, 132, '+4623159717'),
(262, 133, '+4623159717'),
(469, 71, '+4633644274'),
(45, 72, '+4633644274'),
(503, 74, '+4637878664'),
(68, 75, '+4637878664'),
(127, 373, '+4647162997'),
(562, 276, '+46613781907'),
(451, 9, '+46702102665'),
(24, 10, '+46702102665'),
(474, 263, '+46714340927'),
(143, 355, '+4676431260'),
(372, 57, '+4677575499'),
(572, 58, '+4677575499'),
(511, 173, '+4678616755'),
(120, 174, '+4678616755'),
(424, 65, '+4679069476'),
(594, 66, '+4679069476'),
(52, 285, '+46998030079'),
(218, 88, '+47614332074'),
(259, 89, '+47614332074'),
(565, 81, '+48661557595'),
(179, 82, '+48661557595'),
(18, 22, '+49960844433'),
(193, 23, '+49960844433'),
(478, 324, '+50642019023'),
(484, 264, '+50787377798'),
(186, 38, '+50962710719'),
(366, 39, '+50962710719'),
(158, 138, '+51790520703'),
(314, 139, '+51790520703'),
(23, 180, '+52601908190'),
(173, 181, '+52601908190'),
(559, 80, '+52698574095'),
(169, 81, '+52698574095'),
(95, 349, '+53703335898'),
(194, 86, '+53980481265'),
(238, 87, '+53980481265'),
(154, 296, '+54636697498'),
(525, 269, '+54760406049'),
(131, 34, '+54974675540'),
(313, 35, '+54974675540'),
(524, 118, '+55680767619'),
(573, 119, '+55680767619'),
(284, 305, '+55993652408'),
(118, 192, '+5609433824'),
(260, 193, '+5609433824'),
(138, 293, '+5614648415'),
(587, 340, '+5617597071'),
(11, 222, '+5623034406'),
(476, 72, '+5638254009'),
(58, 73, '+5638254009'),
(520, 328, '+5640089557'),
(533, 16, '+5642095221'),
(100, 17, '+5642095221'),
(268, 91, '+5663137567'),
(288, 92, '+5663137567'),
(245, 385, '+56661988854'),
(460, 112, '+56709918325'),
(539, 113, '+56709918325'),
(365, 205, '+5693845280'),
(110, 371, '+57706691909'),
(270, 149, '+60751600780'),
(441, 150, '+60751600780'),
(80, 130, '+60953593148'),
(243, 131, '+60953593148'),
(22, 343, '+61620279978'),
(456, 261, '+62702734846'),
(378, 58, '+62920853612'),
(574, 59, '+62920853612'),
(389, 400, '+62992284276'),
(144, 375, '+64931139642'),
(507, 172, '+65646952606'),
(109, 173, '+65646952606'),
(537, 77, '+6603736141'),
(104, 78, '+6603736141'),
(361, 158, '+6611303513'),
(499, 159, '+6611303513'),
(192, 143, '+6615905342'),
(360, 144, '+6615905342'),
(523, 15, '+6659151077'),
(90, 16, '+6659151077'),
(275, 244, '+66700348113'),
(21, 282, '+66908108176'),
(426, 108, '+67731609624'),
(492, 109, '+67731609624'),
(395, 255, '+68611678161'),
(452, 70, '+68941294358'),
(33, 71, '+68941294358'),
(417, 107, '+69657825199'),
(472, 108, '+69657825199'),
(348, 394, '+69664022985'),
(50, 366, '+70609395750'),
(527, 330, '+70977869623'),
(187, 378, '+71927267794'),
(397, 256, '+72691958781'),
(219, 43, '+72695171661'),
(437, 44, '+72695171661'),
(125, 291, '+74719262412'),
(56, 27, '+74930608273'),
(255, 28, '+74930608273'),
(359, 204, '+75647047702'),
(63, 127, '+75777720710'),
(222, 128, '+75777720710'),
(258, 148, '+7615737626'),
(433, 149, '+7615737626'),
(60, 367, '+7621511640'),
(76, 348, '+7643970388'),
(465, 113, '+7659852681'),
(543, 114, '+7659852681'),
(228, 299, '+7665747872'),
(301, 246, '+77789504693'),
(295, 152, '+78685785219'),
(475, 153, '+78685785219'),
(334, 156, '+78965019849'),
(491, 157, '+78965019849'),
(375, 314, '+80625693027'),
(71, 228, '+81796260101'),
(544, 332, '+81914862665'),
(453, 168, '+82605463617'),
(81, 169, '+82605463617'),
(396, 316, '+82905636335'),
(234, 384, '+83655987409'),
(358, 100, '+83725122540'),
(404, 101, '+83725122540'),
(505, 266, '+83945361665'),
(241, 147, '+84645427193'),
(422, 148, '+84645427193'),
(445, 8, '+84722832948'),
(2, 9, '+84722832948'),
(321, 97, '+84766998317'),
(347, 98, '+84766998317'),
(431, 109, '+85652089220'),
(514, 110, '+85652089220'),
(298, 390, '+8603578747'),
(256, 302, '+8605549262'),
(331, 392, '+8640298088'),
(580, 279, '+8659087896'),
(70, 128, '+8669923903'),
(229, 129, '+8669923903'),
(450, 110, '+8674280374'),
(529, 111, '+8674280374'),
(311, 307, '+86911919842'),
(162, 36, '+8696530766'),
(341, 37, '+8696530766'),
(423, 320, '+8697284396'),
(300, 95, '+8697631524'),
(319, 96, '+8697631524'),
(513, 174, '+87623827156'),
(136, 175, '+87623827156'),
(197, 379, '+88769385087'),
(92, 30, '+88917815906'),
(282, 31, '+88917815906'),
(384, 160, '+88930012455'),
(3, 161, '+88930012455'),
(191, 85, '+89777017578'),
(225, 86, '+89777017578'),
(447, 69, '+90939439005'),
(4, 70, '+90939439005'),
(122, 235, '+91638034024'),
(7, 120, '+91671645605'),
(578, 121, '+91671645605'),
(380, 59, '+91684558139'),
(577, 60, '+91684558139'),
(83, 368, '+92692829394'),
(495, 73, '+92705443088'),
(66, 74, '+92705443088'),
(253, 47, '+92724588797'),
(481, 48, '+92724588797'),
(5, 281, '+93691961896'),
(105, 289, '+94765133185'),
(35, 364, '+94910758155'),
(449, 260, '+9616042501'),
(461, 262, '+9642387313'),
(317, 154, '+9678539889'),
(485, 155, '+9678539889'),
(226, 359, '+9696452393'),
(575, 278, '+97748966046'),
(458, 169, '+97760902891'),
(87, 170, '+97760902891'),
(407, 63, '+97964586443'),
(589, 64, '+97964586443'),
(579, 339, '+98951716979'),
(61, 286, '+99724241681'),
(151, 238, '+99976211109');

-- 
-- Dumping data for table participantes_ministerio
--
INSERT INTO participantes_ministerio VALUES
(11, 1, 1),
(21, 2, 2),
(7, 3, 3),
(9, 4, 4),
(19, 5, 5),
(23, 6, 6),
(8, 7, 7),
(12, 8, 8),
(18, 9, 9),
(5, 10, 10),
(10, 11, 11),
(17, 12, 12),
(3, 13, 13),
(6, 14, 14),
(27, 15, 15),
(30, 16, 16),
(4, 17, 17),
(25, 18, 18),
(28, 19, 19),
(2, 20, 20),
(20, 21, 21),
(29, 22, 22),
(15, 23, 23),
(22, 24, 24),
(26, 25, 25),
(14, 26, 26),
(16, 27, 27),
(24, 28, 28),
(1, 29, 29),
(13, 30, 30);

-- 
-- Dumping data for table participantes_actividad
--
INSERT INTO participantes_actividad VALUES
(11, 1, 1),
(21, 2, 2),
(7, 3, 3),
(9, 4, 4),
(19, 5, 5),
(23, 6, 6),
(8, 7, 7),
(12, 8, 8),
(18, 9, 9),
(5, 10, 10),
(10, 11, 11),
(17, 12, 12),
(3, 13, 13),
(6, 14, 14),
(27, 15, 15),
(30, 16, 16),
(4, 17, 17),
(25, 18, 18),
(28, 19, 19),
(2, 20, 20),
(20, 21, 21),
(29, 22, 22),
(15, 23, 23),
(22, 24, 24),
(26, 25, 25),
(14, 26, 26),
(16, 27, 27),
(24, 28, 28),
(1, 29, 29),
(13, 30, 30);

-- 
-- Dumping data for table organizadores
--
INSERT INTO organizadores VALUES
(11, 1, 1),
(21, 2, 2),
(7, 3, 3),
(9, 4, 4),
(19, 5, 5),
(23, 6, 6),
(8, 7, 7),
(12, 8, 8),
(18, 9, 9),
(5, 10, 10),
(10, 11, 11),
(17, 12, 12),
(3, 13, 13),
(6, 14, 14),
(27, 15, 15),
(30, 16, 16),
(4, 17, 17),
(25, 18, 18),
(28, 19, 19),
(2, 20, 20),
(20, 21, 21),
(29, 22, 22),
(15, 23, 23),
(22, 24, 24),
(26, 25, 25),
(14, 26, 26),
(16, 27, 27),
(24, 28, 28),
(1, 29, 29),
(13, 30, 30);

-- 
-- Restore previous SQL mode
-- 
/*!40101 SET SQL_MODE=@OLD_SQL_MODE */;

-- 
-- Enable foreign keys
-- 
/*!40014 SET FOREIGN_KEY_CHECKS = @OLD_FOREIGN_KEY_CHECKS */;